Item,Item_URL,PriceReg,PriceSav,PriceOrange,Vendor,Gr,Index
Aceite appennino food oliva aroma trufa negrax60ml,/aceite-appennino-food-oliva-aroma-trufa-negrax60ml/p,"Precio Regular
$ 59.990","Ahorra
Precio Ahora
$ 41.993",$ 35.994,APPENNINO FOOD,,1
Aceite appennino foodoliva aroma trufa blancax60ml,/aceite-appennino-foodoliva-aroma-trufa-blancax60ml/p,"Precio Regular
$ 59.990","Ahorra
Precio Ahora
$ 41.993",$ 35.994,APPENNINO FOOD,,1
Aceitunas verdes il Grilliatore parrilla x240g,/aceitunas-il-grilliatore-verdes-parrilla-x240g/p,"Precio Regular
$ 36.990","Ahorra
Precio Ahora
$ 25.893",$ 22.194,IL GRILLIATORE,,1
Antipasto Cheika con Atún x 250g,/antipasto-cheika-con-atun-x-250-g/p,"Precio Regular
$ 13.990","Ahorra
Precio Ahora
$ 9.793",$ 8.394,CENCOSUD,,1
Antipasto Cheika En salsa x 250 g,/antipasto-cheika-en-salsa-x-250-g/p,"Precio Regular
$ 12.890","Ahorra
Precio Ahora
$ 9.023",$ 7.734,ULA´S,"(gr a $ 36,09)",1
Antipasto con atún Ulas x 240g,/antipasto-con-atun-ulas-x-240g/p,"Precio Regular
$ 19.590","Ahorra
Precio Ahora
$ 13.713",$ 11.754,ULA´S,"(gr a $ 54,85)",1
Antipasto con Atún Ulas x 500 g,/antipasto-con-atun-ulas-x-500-g/p,"Precio Regular
$ 26.790","Ahorra
Precio Ahora
$ 18.753",$ 16.074,ULA´S,"(gr a $ 37,51)",1
Antipasto con vegetales Ulas x 350g,/antipasto-con-vegetales-ulas-x-350g/p,"Precio Regular
$ 21.090","Ahorra
Precio Ahora
$ 14.763",$ 12.654,CENCOSUD,,1
Antipasto Italiano La Factoría Gourmet x 120g,/antipasto-italiano-la-factoria-gourmet-x-120g/p,"Precio Regular
$ 37.790","Ahorra
Precio Ahora
$ 26.453",$ 22.674,LA FACTORIA,"(gr a $ 220,44)",1
Berenjena asada Cheika x 250g,/berenjena-asada-cheika-x-250g/p,"Precio Regular
$ 18.990","Ahorra
Precio Ahora
$ 13.293",$ 11.394,ULA´S,"(gr a $ 53,17)",1
Berenjenas il Grilliatore parrilla x240g,/berenjenas-il-grilliatore-parrilla-x240g/p,"Precio Regular
$ 30.990","Ahorra
Precio Ahora
$ 21.693",$ 18.594,IL GRILLIATORE,,1
Bloque De Queso Azul Extra Cremoso Rosenborg X 100g,/bloque-de-queso-azul-extra-cremoso-rosenborg-x-100g/p,"Precio Regular
$ 19.390","Ahorra
Precio Ahora
$ 13.573",$ 11.634,PREMIUM CHOICE,"(gr a $ 135,73)",1
Bloque De Queso Costeño X 500g,/bloque-de-queso-costeno-x-500-g/p,"Precio Regular
$ 15.590","Ahorra
Precio Ahora
$ 10.913",$ 9.354,CENCOSUD,,2
Bresaola sobres Di Nardi x 70 g,/bresaola-sobres-x-70-g/p,"Precio Regular
$ 14.590","Ahorra
Precio Ahora
$ 10.213",$ 8.754,DINARDI,"(gr a $ 145,9)",2
Butifarra especial la parisienne x 500g,/butifarra-especial-la-parisienne-x-250g/p,"Precio Regular
$ 16.494,5","Ahorra
Precio Ahora
$ 11.546,5","$ 9.896,5",CENCOSUD,,2
Butifarra montefrío x 500 g,/butifarra-montefrio-x-500-g/p,,$ 10.390,,COLANTA,"(gr a $ 20,78)",2
Cábano Fino Di Nardi x 90 g,/cabano-fino-x-90-g/p,"Precio Regular
$ 5.290","Ahorra
Precio Ahora
$ 3.703",$ 3.174,DINARDI,"(gr a $ 41,14)",2
Cabano Vilaseca x 125g,/cabano-vilaseca-x-125g/p,"Precio Regular
$ 15.390","Ahorra
Precio Ahora
$ 10.773",$ 9.234,VILASECA,"(gr a $ 86,18)",2
Cábanos bolsa x 6 und,/cabanos-bolsa-x-6-und/p,"Precio Regular
$ 18.490","Ahorra
Precio Ahora
$ 12.943",$ 11.094,KOLLER,,2
Cabanos Colombo Alemana,/cabanos-colombo-alemana/p,"Precio Regular
$ 53.990","Ahorra
Precio Ahora
$ 37.793",$ 32.394,COLOMBO ALEMANA,"(gr a $ 37,79)",2
Cabanos koller x 130g,/cabanos-koller-x-130-g/p,"Precio Regular
$ 7.798,7","Ahorra
Precio Ahora
$ 5.458,7","$ 4.679,22",KOLLER,"(gr a $ 41,99)",2
Caladitos De Papel Ajonjolí Ulas x 125 G,/caladitos-de-papel-ajonjoli-ulas-x-125-g/p,"Precio Regular
$ 14.690","Ahorra
Precio Ahora
$ 10.283",$ 8.814,ULA´S,"(gr a $ 82,26)",2
Caladitos de Papel Ajonjolí x 140g,/caladitos-de-papel-ajonjoli-x-140-g/p,"Precio Regular
$ 17.990","Ahorra
Precio Ahora
$ 12.593",$ 10.794,PREMIUM CHOICE,"(gr a $ 89,95)",2
Caladitos de Papel Amapola Ulas x 140g,/caladitos-de-papel-amapola-ulas-x-140-g/p,"Precio Regular
$ 20.390","Ahorra
Precio Ahora
$ 14.273",$ 12.234,PREMIUM CHOICE,"(gr a $ 101,95)",2
Caladitos de papel amapola x 140 g,/caladitos-de-papel-amapola-x-140-g/p,"Precio Regular
$ 14.690","Ahorra
Precio Ahora
$ 10.283",$ 8.814,ULA´S,"(gr a $ 73,45)",3
Caladitos de papel finas hierbas x 125g,/caladitos-de-papel-finas-hierbas-x-125g/p,"Precio Regular
$ 13.890","Ahorra
Precio Ahora
$ 9.723",$ 8.334,ULA´S,"(gr a $ 77,78)",3
Caladitos De Papel Integrales x 140 G,/caladitos-de-papel-integrales-x-140-g/p,"Precio Regular
$ 15.290","Ahorra
Precio Ahora
$ 10.703",$ 9.174,PREMIUM CHOICE,"(gr a $ 76,45)",3
Caladitos de papel natural x 125g,/caladitos-de-papel-natural-x-125g/p,"Precio Regular
$ 12.890","Ahorra
Precio Ahora
$ 9.023",$ 7.734,ULA´S,"(gr a $ 72,18)",3
Carne Asada DiNardi x 150g,/roast-beef-no-usar-x-1-kg/p,"Precio Regular
$ 50.594,5","Ahorra
Precio Ahora
$ 35.416,5","$ 30.356,5",DINARDI,"(gr a $ 236,11)",3
Cebolla Caramelizada x 250 Gr,/cebolla-caramelizada-x-250-gr/p,"Precio Regular
$ 15.490","Ahorra
Precio Ahora
$ 10.843",$ 9.294,BUFALO,"(gr a $ 43,37)",3
Cebollas en vinagre balsámico de modena il Grilliatore x240g,/cebollas-ilgrilliatore-vinagrebalsamicomodenax240g/p,"Precio Regular
$ 27.990","Ahorra
Precio Ahora
$ 19.593",$ 16.794,IL GRILLIATORE,,3
Champiñón Mediterráneo Cheika x 250G,/champinon-mediterraneo-cheika-x-250g/p,"Precio Regular
$ 19.590","Ahorra
Precio Ahora
$ 13.713",$ 11.754,ULA´S,"(gr a $ 54,85)",3
Champiñones A La Greca Ulas x 250G,/champinones-a-la-greca-ulas-x-250g/p,"Precio Regular
$ 18.490","Ahorra
Precio Ahora
$ 12.943",$ 11.094,ULA´S,"(gr a $ 51,77)",3
Champiñones A La greca Ulas x 500g,/champinones-a-la-greca-ulas-x-500g/p,"Precio Regular
$ 36.590","Ahorra
Precio Ahora
$ 25.613",$ 21.954,CENCOSUD,,3
Champiñones il Grilliatore parrilla x240g,/champinones-il-grilliatore-parrilla-x240g/p,"Precio Regular
$ 30.990","Ahorra
Precio Ahora
$ 21.693",$ 18.594,IL GRILLIATORE,,3
Cheddar Con Fresas Y Chardonay Yancey´S x 5 Kg,/cheddar-con-fresas-y-chardonay-yancey-s-x-5-kg/p,,$ 599.950,,CENTURION FOODS,"(gr a $ 119,99)",3
Chicharrón Don Chicharrón Barbecue x 35 G,/chicharron-don-chicharron-barbecue-x35g/p,"Precio Regular
$ 4.290","Ahorra
Precio Ahora
$ 3.003",$ 2.574,DON CHICHARRON,"(gr a $ 85,8)",4
Chicharron Don Chicharron Con Sal x 35G,/chicharron-don-chicharron-con-sal-x-35-g/p,"Precio Regular
$ 4.290","Ahorra
Precio Ahora
$ 3.003",$ 2.574,DON CHICHARRON,"(gr a $ 85,8)",4
Chicharrón Don Chicharrón Limón x 35 G,/chicharron-don-chicharron-limon-x35g/p,"Precio Regular
$ 4.290","Ahorra
Precio Ahora
$ 3.003",$ 2.574,CARREFOUR,"(gr a $ 85,8)",4
Chicharrón Don Chicharrón Picante x 35G,/chicharron-don-chicharron-picante-x35g/p,"Precio Regular
$ 4.290","Ahorra
Precio Ahora
$ 3.003",$ 2.574,DON CHICHARRON,"(gr a $ 85,8)",4
Chicharrón Espirales x 100 G,/chicharron-espirales-x100g/p,"Precio Regular
$ 9.190","Ahorra
Precio Ahora
$ 6.433",$ 5.514,DON CHICHARRON,"(gr a $ 64,33)",4
Chicharrón Espirales x 21 G,/chicharron-espirales-x-21-g/p,"Precio Regular
$ 3.490","Ahorra
Precio Ahora
$ 2.443",$ 2.094,DON CHICHARRON,"(gr a $ 116,33)",4
Chicharrón Light x 100 G,/chicharron-light-x-100-g/p,"Precio Regular
$ 10.990","Ahorra
Precio Ahora
$ 7.693",$ 6.594,DON CHICHARRON,"(gr a $ 76,93)",4
Chicharrón Light x 35G,/chicharron-light-x-35g/p,"Precio Regular
$ 4.290","Ahorra
Precio Ahora
$ 3.003",$ 2.574,DON CHICHARRON,"(gr a $ 85,8)",4
Chorizo argentino La Parisienne x500g,/chorizo-la-parisienne-argentino-x500g/p,"Precio Regular
$ 18.590","Ahorra
Precio Ahora
$ 13.013",$ 11.154,LA PARISIENNE,,4
Chorizo arroyo extra artesano x70g,/chorizo-arroyo-extra-artesano-x70g/p,"Precio Regular
$ 10.290","Ahorra
Precio Ahora
$ 7.203",$ 6.174,ARROYO,"(gr a $ 102,9)",4
Chorizo Boadas Barra Picante trozo x200g,/chorizo-boadas-barra-picante-x-1-k/p,"Precio Regular
$ 18.798","Ahorra
Precio Ahora
$ 13.159","$ 11.278,8",BOADAS,"(gr a $ 65,8)",4
Chorizo coctel koller x 250g,/chorizo-coctel-koller-x-250g/p,"Precio Regular
$ 14.297,5","Ahorra
Precio Ahora
$ 10.008,5","$ 8.578,5",KOLLER,"(gr a $ 40,03)",4
Chorizo Colombo Alemana Coctel x 250 G,/chorizo-colombo-alemana-coctel-x-250-g/p,,$ 12.990,,COLOMBO ALEMANA,"(gr a $ 51,96)",5
Chorizo costeño La Parisienne x500g,/chorizo-la-parisienne-costeno-x500g/p,"Precio Regular
$ 16.990","Ahorra
Precio Ahora
$ 11.893",$ 10.194,LA PARISIENNE,,5
Chorizo De Cerdo Junior Cervalle x 500G,/chorizo-de-cerdo-junior-cervalle-x-500-g/p,"Precio Regular
$ 20.894,5","Ahorra
Precio Ahora
$ 14.626,5","$ 12.536,5",CERVALLE,,5
Chorizo de pavo Delipavo Coctel Español x250g,/chorizo-pavo-coctel-espanol-x-250g/p,"Precio Regular
$ 25.890","Ahorra
Precio Ahora
$ 18.123",$ 15.534,DELIPAVO,"(gr a $ 72,49)",5
Chorizo el conchel mini durec x55g,/chorizo-el-conchel-mini-durec-x55g/p,"Precio Regular
$ 18.490","Ahorra
Precio Ahora
$ 12.943",$ 11.094,EL CONCHEL,,5
Chorizo Español La Parisienne x 150G,/chorizo-espanol-la-parisienne-x-150g/p,"Precio Regular
$ 17.590","Ahorra
Precio Ahora
$ 12.313",$ 10.554,LA PARISIENNE,"(gr a $ 82,09)",5
Chorizo Espanol La Parisienne x 80G,/chorizo-espanol-la-parisienne-x-80g/p,"Precio Regular
$ 7.919,12","Ahorra
Precio Ahora
$ 5.543,12","$ 4.751,44",LA PARISIENNE,"(gr a $ 69,29)",5
Chorizo Extra Espanol Tajado x 100G,/chorizo-extra-espanol-tajado-x-100g/p,"Precio Regular
$ 13.390","Ahorra
Precio Ahora
$ 9.373",$ 8.034,NOEL,"(gr a $ 93,73)",5
Chorizo Ibañez Natural x 80 G,/chorizo-ibanez-natural-x-80-g/p,"Precio Regular
$ 15.190","Ahorra
Precio Ahora
$ 10.633",$ 9.114,IBANEZ,"(gr a $ 132,91)",5
Chorizo Ibañez Picante x 80 G,/chorizo-ibanez-picante-x-80-g/p,"Precio Regular
$ 14.690","Ahorra
Precio Ahora
$ 10.283",$ 8.814,IBANEZ,"(gr a $ 128,54)",5
Chorizo koller x 240g,/chorizo-koller-x-240g/p,"Precio Regular
$ 12.477,6","Ahorra
Precio Ahora
$ 8.734,6","$ 7.486,56",KOLLER,"(gr a $ 36,39)",5
Chorizo La Factoria Gourmet Ibérico bellota x80g,/chorizo-la-factoria-gourmet-iberico-bellota-x80g-3463233/p,"Precio Regular
$ 18.890","Ahorra
Precio Ahora
$ 13.223",$ 11.334,LA FACTORIA GOURMET,"(gr a $ 165,29)",5
Chorizo La Factoria Gourmet vela picante x60g,/chorizo-la-factoria-gourmet-vela-picante-x60g-3463227/p,"Precio Regular
$ 8.590","Ahorra
Precio Ahora
$ 6.013",$ 5.154,LA FACTORIA GOURMET,"(gr a $ 100,22)",6
Chorizo La Factoria Gourmet vela x60g,/chorizo-la-factoria-gourmet-vela-x60g-3463226/p,"Precio Regular
$ 8.790","Ahorra
Precio Ahora
$ 6.153",$ 5.274,LA FACTORIA GOURMET,"(gr a $ 102,55)",6
Chorizo martinez somalo sarta extra x200g,/chorizo-martinez-somalo-sarta-extra-x200g/p,"Precio Regular
$ 24.490","Ahorra
Precio Ahora
$ 17.143",$ 14.694,MARTINEZ SOMALO,"(gr a $ 85,72)",6
Chorizo martinez somalo sarta picante x200g,/chorizo-martinez-somalo-sarta-picante-x200g/p,"Precio Regular
$ 27.590","Ahorra
Precio Ahora
$ 19.313",$ 16.554,MARTINEZ SOMALO,"(gr a $ 96,57)",6
Chorizo Monticello español x 80 g,/chorizo-monticello-espanol-x-80-g/p,,$ 16.990,,MONTICELLO,"(gr a $ 212,38)",6
Chorizo Picante Vela x 100 G,/chorizo-vela-picante-x100g/p,"Precio Regular
$ 16.990","Ahorra
Precio Ahora
$ 11.893",$ 10.194,LA FACTORIA,"(gr a $ 118,93)",6
Chorizo Vela La Abuela Amelia Extra Natural x 60G,/chorizo-vela-la-abuela-amelia-extra-natural-x-60g/p,"Precio Regular
$ 9.390","Ahorra
Precio Ahora
$ 6.573",$ 5.634,LA ABUELA AMELIA,"(gr a $ 109,55)",6
Chorizo Vela La Abuela Amelia Extra Picante x 60G,/chorizo-vela-la-abuela-amelia-extra-picante-x-60g/p,"Precio Regular
$ 9.390","Ahorra
Precio Ahora
$ 6.573",$ 5.634,LA ABUELA AMELIA,"(gr a $ 109,55)",6
Chorizo Vela Natural La Factoría Gourmet x 100G,/chorizo-vela-natural-la-factoria-gourmet-x-100g/p,"Precio Regular
$ 16.990","Ahorra
Precio Ahora
$ 11.893",$ 10.194,LA FACTORIA,"(gr a $ 118,93)",6
Chorizo vilaseca cerdo extra x80g,/chorizo-vilaseca-cerdo-extra-x80g/p,"Precio Regular
$ 16.390","Ahorra
Precio Ahora
$ 11.473",$ 9.834,VILASECA,"(gr a $ 143,41)",6
Chorizo vilaseca cerdo pamplona x80g,/chorizo-vilaseca-cerdo-pamplona-x80g/p,"Precio Regular
$ 14.990","Ahorra
Precio Ahora
$ 10.493",$ 8.994,VILASECA,"(gr a $ 131,16)",6
Chorizo vilaseca extra cerdo tajado x40g,/chorizo-vilaseca-extra-cerdo-tajado-x40g/p,"Precio Regular
$ 15.390","Ahorra
Precio Ahora
$ 10.773",$ 9.234,VILASECA,"(gr a $ 269,33)",6
Chorizo vilaseca sarta cerdo x200g,/chorizo-vilaseca-sarta-cerdo-x200g/p,"Precio Regular
$ 37.790","Ahorra
Precio Ahora
$ 26.453",$ 22.674,VILASECA,"(gr a $ 132,27)",7
Chuleta ahumada Koller x 500g,/chuleta-ahumada-koller-x-500-g/p,"Precio Regular
$ 44.895","Ahorra
Precio Ahora
$ 31.426",$ 26.937,KOLLER,"(gr a $ 62,85)",7
Coppa Di Nardi x90g,/coppa-di-nardi-x-90-g/p,"Precio Regular
$ 8.711,01","Ahorra
Precio Ahora
$ 6.098,01","$ 5.226,57",DINARDI,"(gr a $ 67,76)",7
Costilla tradicional ahumada,/costilla-tradicional-ahumada/p,"Precio Regular
$ 49.489","Ahorra
Precio Ahora
$ 34.642",$ 29.693,CERVALLE,,7
Cream cheese Pauly x 227g,/cream-cheese-pauly-x-227g/p,"Precio Regular
$ 14.390","Ahorra
Precio Ahora
$ 10.073",$ 8.634,PAULY CHEESE,"(gr a $ 44,37)",7
Crema de brie President x 125g,/crema-de-brie-x-125g/p,"Precio Regular
$ 11.490","Ahorra
Precio Ahora
$ 8.043",$ 6.894,PRESIDENT,"(gr a $ 64,34)",7
Crema de Cheddar President x 125g,/crema-de-cheddar-x-125-g/p,"Precio Regular
$ 11.490","Ahorra
Precio Ahora
$ 8.043",$ 6.894,PRESIDENT,"(gr a $ 64,34)",7
Crema de emmental President x 125g,/crema-de-emmental-x-125g/p,"Precio Regular
$ 11.390","Ahorra
Precio Ahora
$ 7.973",$ 6.834,PRESIDENT,"(gr a $ 63,78)",7
Crema du camembert President 125g,/crema-du-camembert-125g/p,"Precio Regular
$ 11.090","Ahorra
Precio Ahora
$ 7.763",$ 6.654,PRESIDENT,"(gr a $ 62,1)",7
Cuatro Quesos Monari Bologna x 250g,/cuatro-quesos-monari-bologna-x-250g/p,"Precio Regular
$ 8.390","Ahorra
Precio Ahora
$ 5.873",$ 5.034,ULA´S,"(gr a $ 23,49)",7
Fondue con vino Alpina x 450g,/fondue-con-vino-alpina-x-450g/p,"Precio Regular
$ 49.890","Ahorra
Precio Ahora
$ 34.923",$ 29.934,ALPINA,"(gr a $ 77,61)",7
Fondue Del Vecchio x400g,/fondue-del-vecchio-x400g/p,"Precio Regular
$ 40.990","Ahorra
Precio Ahora
$ 28.693",$ 24.594,DEL VECCHIO,"(gr a $ 71,73)",7
Fondue Grand or x 400g,/fondue-grand-or-x-400-g/p,"Precio Regular
$ 40.990","Ahorra
Precio Ahora
$ 28.693",$ 24.594,GRAND OR,"(gr a $ 71,73)",8
Fuet con pimienta La platanera x 170 g,/fuet-con-pimienta-la-platanera-x-170-g/p,"Precio Regular
$ 27.290","Ahorra
Precio Ahora
$ 19.103",$ 16.374,LA FACTORIA,"(gr a $ 112,37)",8
Fuet el conchel mini barras durec x55g,/fuet-el-conchel-mini-barras-durec-x55g/p,"Precio Regular
$ 17.590","Ahorra
Precio Ahora
$ 12.313",$ 10.554,EL CONCHEL,"(gr a $ 223,87)",8
Fuet el conchel mini durec x55g,/fuet-el-conchel-mini-durec-x55g/p,"Precio Regular
$ 18.490","Ahorra
Precio Ahora
$ 12.943",$ 11.094,EL CONCHEL,,8
Fuet Moncasa con pimienta negra x 170g,/fuet-moncasa-a-la-pimienta-negra-x170g/p,"Precio Regular
$ 32.590","Ahorra
Precio Ahora
$ 22.813",$ 19.554,MONCASA,"(gr a $ 134,19)",8
Fuet Moncasa x 170 g,/fuet-moncasa-x170g/p,"Precio Regular
$ 29.590","Ahorra
Precio Ahora
$ 20.713",$ 17.754,MONCASA,"(gr a $ 121,84)",8
Fuet mostaza la factoría gourmet x 170g,/fuet-mostaza-la-factoria-gourmet-x-170g/p,"Precio Regular
$ 26.990","Ahorra
Precio Ahora
$ 18.893",$ 16.194,LA FACTORIA,"(gr a $ 111,14)",8
Fuet natural x 170 g,/fuet-natural-x-170g/p,"Precio Regular
$ 26.590","Ahorra
Precio Ahora
$ 18.613",$ 15.954,LA FACTORIA,"(gr a $ 109,49)",8
Fuet vilaseca entero x140g,/fuet-vilaseca-entero-x140g/p,"Precio Regular
$ 21.990","Ahorra
Precio Ahora
$ 15.393",$ 13.194,VILASECA,"(gr a $ 109,95)",8
Galantina de pavo DiNardi x 150g,/galantina-de-pavo-x-1-kg/p,"Precio Regular
$ 65.978","Ahorra
Precio Ahora
$ 46.185",$ 39.586,DINARDI,"(gr a $ 46,19)",8
Galletas para pate Bon pate x 200 g,/galletas-para-pate-bon-pate-x-200-g/p,"Precio Regular
$ 10.390","Ahorra
Precio Ahora
$ 7.273",$ 6.234,BON PATE,"(gr a $ 36,37)",8
Gouda Ahumado Centurion trozo x 200g,/queso-gouda-ahumado-centurion-foods-x-500-g/p,"Precio Regular
$ 16.798","Ahorra
Precio Ahora
$ 11.759","$ 10.078,8",CENTURION FOODS,"(gr a $ 58,8)",8
Hamburguesa Koller de Res x 5 unds x 115g,/hamburguesa-koller-res-x-5-unds-x-115g/p,"Precio Regular
$ 28.990","Ahorra
Precio Ahora
$ 20.293",$ 17.394,KOLLER,"(gr a $ 35,29)",9
Hamburguesa koller res x4und,/hamburguesa-koller-res-x4und/p,"Precio Regular
$ 26.590","Ahorra
Precio Ahora
$ 18.613",$ 15.954,KOLLER,(un a $ 18.613),9
Hamburguesa Koller Viaka x 6 unds x 110g,/hamburguesa-koller-viaka-x-6-unds-x-110g/p,"Precio Regular
$ 22.990","Ahorra
Precio Ahora
$ 16.093",$ 13.794,KOLLER,"(gr a $ 24,38)",9
Hueso de Cabeza Colombo Alemana trozo x100g,/hueso-de-cabeza-colombo-alemana/p,"Precio Regular
$ 4.499","Ahorra
Precio Ahora
$ 3.149","$ 2.699,4",COLOMBO ALEMANA,"(gr a $ 31,49)",9
Hummus cheika pimenton x250g,/hummus-cheika-pimenton-x250g/p,"Precio Regular
$ 16.290","Ahorra
Precio Ahora
$ 11.403",$ 9.774,CHEIKA,"(gr a $ 45,61)",9
Jamon arroyo serrano loncheado gourmet x50g,/jamon-arroyo-serrano-loncheado-gourmet-x50g/p,"Precio Regular
$ 9.990","Ahorra
Precio Ahora
$ 6.993",$ 5.994,ARROYO,"(gr a $ 139,86)",9
Jamón artesanal Ahumado La Parisienne trozo x 200g,/pechuga-de-pavo-ahumado-la-parisienne-x-300g/p,"Precio Regular
$ 19.797,8","Ahorra
Precio Ahora
$ 13.858,8","$ 11.878,6",LA PARISIENNE,"(gr a $ 69,29)",9
Jamon Artesanal Dulce Parisienne trozo x200g,/jamon-artesanal-dulce-parisienne-x-500-g/p,"Precio Regular
$ 19.797,8","Ahorra
Precio Ahora
$ 13.858,8","$ 11.878,6",CENCOSUD,,9
Jamon artesanal finas hierbas trozo x 200g,/jamon-artesanal-finas-hierbas-x-125-g/p,"Precio Regular
$ 19.797,8","Ahorra
Precio Ahora
$ 13.858,8","$ 11.878,6",CENCOSUD,,9
Jamon artesanal Natural La Perisienne trozo x 200g,/jamon-artesanal-natural-la-perisienne-x-300g/p,"Precio Regular
$ 17.597,8","Ahorra
Precio Ahora
$ 12.318,8","$ 10.558,6",CENCOSUD,,9
Jamón Boadas serrano gran reserva x 80g,/jamon-boadas-serrano-gran-reserva-x-80g/p,"Precio Regular
$ 28.590","Ahorra
Precio Ahora
$ 20.013",$ 17.154,BOADAS,"(gr a $ 250,16)",9
Jamón Boadas serrano reserva x 80g,/jamon-boadas-serrano-reserva-x-80g/p,"Precio Regular
$ 28.590","Ahorra
Precio Ahora
$ 20.013",$ 17.154,BOADAS,"(gr a $ 250,16)",9
Jamon catalan york especias xkg,/jamon-catalan-york-especias-xkg/p,"Precio Regular
$ 59.389","Ahorra
Precio Ahora
$ 41.572",$ 35.633,CATALAN,,10
Jamón cero nitrito de sodio Catalán x 250g,/jamon-catalan-cero-nitrito-de-sodio-x-250g/p,"Precio Regular
$ 22.490","Ahorra
Precio Ahora
$ 15.743",$ 13.494,CATALAN,"(gr a $ 62,97)",10
Jamón curado bloque Moncasa x 1Kg,/jamon-moncasa-curado-bloque-x-1-k/p,"Precio Regular
$ 177.990","Ahorra
Precio Ahora
$ 124.593",$ 106.794,MONCASA,"(gr a $ 124,59)",10
Jamon de cerdo especial x 150 g,/jamon-de-cerdo-especial-x-300g/p,"Precio Regular
$ 8.083,35","Ahorra
Precio Ahora
$ 5.658,35","$ 4.849,95",CENCOSUD,,10
Jamon de cerdo Koller x 210 g,/jamon-de-cerdo-koller-x-210-g/p,"Precio Regular
$ 17.553,69","Ahorra
Precio Ahora
$ 12.287,69","$ 10.532,13",KOLLER,"(gr a $ 58,51)",10
Jamón de cordero pemium Di Nardi x 150g,/jamon-de-cordero-pemium-x-125g/p,"Precio Regular
$ 15.178,35","Ahorra
Precio Ahora
$ 10.624,35","$ 9.106,95",CENCOSUD,,10
Jamon de Paris Parisienne trozo x200g,/jamon-de-paris-parisienne-x-2-2-kg/p,"Precio Regular
$ 15.397,8","Ahorra
Precio Ahora
$ 10.778,8","$ 9.238,6",CENCOSUD,,10
Jamón de pollo koller x 200 g,/jamon-de-pollo-koller-x-200-g/p,"Precio Regular
$ 12.658","Ahorra
Precio Ahora
$ 8.861","$ 7.594,8",KOLLER,"(gr a $ 44,31)",10
Jamón de pollo x 150 g,/jamon-de-po-llo-x-500-g/p,"Precio Regular
$ 8.083,35","Ahorra
Precio Ahora
$ 5.658,35","$ 4.849,95",CENCOSUD,,10
Jamon Dulce La Parisienne trozo x200g,/jamon-dulce-la-parisienne-x-300g/p,"Precio Regular
$ 15.397,8","Ahorra
Precio Ahora
$ 10.778,8","$ 9.238,6",LA PARISIENNE,"(gr a $ 53,89)",10
Jamon Emperatriz Parisienne trozo x 200g,/jamon-emperatriz-parisienne-x-500-g/p,"Precio Regular
$ 9.017,8","Ahorra
Precio Ahora
$ 6.312,8","$ 5.410,6",CENCOSUD,,10
Jamón Ibañez serrano reserva x 100 g,/jamon-ibanez-serrano-reserva-x-100-g/p,"Precio Regular
$ 21.090","Ahorra
Precio Ahora
$ 14.763",$ 12.654,IBANEZ,"(gr a $ 147,63)",10
Jamón La Factoria Gourmet Ibérico bellota x80g,/jamon-la-factoria-gourmet-iberico-bellota-x80g-3463231/p,"Precio Regular
$ 58.790","Ahorra
Precio Ahora
$ 41.153",$ 35.274,LA FACTORIA GOURMET,"(gr a $ 514,41)",11
Jamon la factoria gourmet serrano pierna 12 meses,/jamon-la-factoria-gourmet-serrano-pierna-12-meses/p,"Precio Regular
$ 424.990","Ahorra
Precio Ahora
$ 297.493",$ 254.994,LA FACTORIA,,11
Jamón La Factoria Gourmet serrano reserva x60g,/jamon-la-factoria-gourmet-serrano-reserva-x60g-3463225/p,"Precio Regular
$ 13.690","Ahorra
Precio Ahora
$ 9.583",$ 8.214,LA FACTORIA GOURMET,"(gr a $ 159,72)",11
Jamón Monticello serrano x 80 g,/jamon-monticello-serrano-x-80-g/p,,$ 21.390,,MONTICELLO,"(gr a $ 267,38)",11
Jamón Nico jamonés mini stand + cuchillo x 950 g,/jamon-nico-jamones-mini-stand-cuchillo-x-950-g/p,"Precio Regular
$ 142.990","Ahorra
Precio Ahora
$ 100.093",$ 85.794,NICO JAMONES,"(gr a $ 105,36)",11
Jamón Nico Jamones serrano bodega x 100 g,/jamon-nico-jamones-serrano-bodega-x100g/p,"Precio Regular
$ 11.390","Ahorra
Precio Ahora
$ 7.973",$ 6.834,NICO JAMONES,"(gr a $ 79,73)",11
Jamon nico jamonesserrano deshuesado reserva xkg,/jamon-nico-jamonesserrano-deshuesado-reserva-xkg/p,"Precio Regular
$ 91.990","Ahorra
Precio Ahora
$ 64.393",$ 55.194,NICO JAMONES,"(gr a $ 64,39)",11
Jamón Nico jamonés Jamonero + cuchillo,/jamon-nico-jamones-jamonero-cuchillo/p,"Precio Regular
$ 367.990","Ahorra
Precio Ahora
$ 257.593",$ 220.794,NICO JAMONES,(un a $ 257.593),11
Jamon pechuga de pavo x 500g,/jamon-pechuga-de-pavo-x-500-g/p,"Precio Regular
$ 61.594,5","Ahorra
Precio Ahora
$ 43.116,5","$ 36.956,5",CENCOSUD,,11
Jamón pierna ahumado Cervalle,/jamon-pierna-ahumado-cervalle/p,"Precio Regular
$ 43.989","Ahorra
Precio Ahora
$ 30.792",$ 26.393,CERVALLE,,11
Jamón Pietrán de pollo x1kg,/jamon-pietran-de-pollo-x1kg/p,"Precio Regular
$ 52.789","Ahorra
Precio Ahora
$ 36.952",$ 31.673,PIETRAN,,11
Jamon pietran selecto pierna cerdo ahumado xkg,/jamon-pietran-selecto-pierna-cerdo-ahumado-xkg/p,"Precio Regular
$ 72.589","Ahorra
Precio Ahora
$ 50.812",$ 43.553,PIETRAN,,11
Jamon san barichara pierna cerdo tajado xkg,/jamon-san-barichara-pierna-cerdo-tajado-xkg/p,"Precio Regular
$ 85.990","Ahorra
Precio Ahora
$ 60.193",$ 51.594,SAN BARICHARA,"(gr a $ 300,97)",12
Jamón sándwich Cervalle x 500g,/jamon-sandwich-cervalle-x-500-g/p,"Precio Regular
$ 17.044,5","Ahorra
Precio Ahora
$ 11.931,5","$ 10.226,5",CENCOSUD,,12
Jamón sandwich Di Nardi x 150 g,/jamon-sandwich-x-500-g/p,"Precio Regular
$ 5.608,35","Ahorra
Precio Ahora
$ 3.925,35","$ 3.364,95",CENCOSUD,,12
Jamón sandwich x450g,/jamon-sandwich-x-450-g/p,"Precio Regular
$ 15.190","Ahorra
Precio Ahora
$ 10.633",$ 9.114,CERVALLE,,12
Jamon serrano deshuesado Boadas trozo x 120g,/chuleton-centurion-cerdo-gigante-x-4-6-kg/p,"Precio Regular
$ 18.238,8","Ahorra
Precio Ahora
$ 12.766,8","$ 10.943,28",MARCA BLANCA,"(gr a $ 106,39)",12
Jamón Serrano deshuesado Nico reserva x 5kg,/jamon-serrano-deshuesado-nico-reserva-x-5-kg/p,"Precio Regular
$ 429.990","Ahorra
Precio Ahora
$ 300.993",$ 257.994,NICO JAMONES,"(gr a $ 60,2)",12
Jamón serrano La Abuela Amelia reserva x 60g,/jamon-serrano-la-abuela-amelia-reserva-x-60g/p,"Precio Regular
$ 11.290","Ahorra
Precio Ahora
$ 7.903",$ 6.774,LA ABUELA AMELIA,"(gr a $ 131,72)",12
Jamon serrano Martinez Somalo x 100g,/jamon-martinez-somalo-serrano-x100g/p,"Precio Regular
$ 29.590","Ahorra
Precio Ahora
$ 20.713",$ 17.754,MARTINEZ SOMALO,"(gr a $ 207,13)",12
Jamon serrano Noel trozo x 120g,/jamon-serrano-noel-x-300-g/p,"Precio Regular
$ 16.798,8","Ahorra
Precio Ahora
$ 11.758,8","$ 10.079,28",CENCOSUD,,12
Jamón serrano Vilaseca x 100g,/vilaseca-jamon-serrano-x100g/p,"Precio Regular
$ 34.990","Ahorra
Precio Ahora
$ 24.493",$ 20.994,VILASECA,"(gr a $ 244,93)",12
Jamón Serrano x100g,/jamon-serrano-x100g/p,"Precio Regular
$ 22.990","Ahorra
Precio Ahora
$ 16.093",$ 13.794,LA FACTORIA,"(gr a $ 160,93)",12
Jamón tipo cordero,/jamon-tipo-cordero/p,"Precio Regular
$ 72.589","Ahorra
Precio Ahora
$ 50.812",$ 43.553,CERVALLE,,12
Jamon vilaseca cordero x200g,/jamon-vilaseca-cordero-x200g/p,"Precio Regular
$ 20.990","Ahorra
Precio Ahora
$ 14.693",$ 12.594,VILASECA,"(gr a $ 73,47)",13
Jamon vilaseca premium artesanal x200g,/jamon-vilaseca-premium-artesanal-x200g/p,"Precio Regular
$ 25.090","Ahorra
Precio Ahora
$ 17.563",$ 15.054,VILASECA,"(gr a $ 87,82)",13
Jamon vilaseca seleccionado x200g,/jamon-vilaseca-seleccionado-x200g/p,"Precio Regular
$ 15.990","Ahorra
Precio Ahora
$ 11.193",$ 9.594,VILASECA,"(gr a $ 55,97)",13
Jamon vilaseca serrano reserva tajado x40g,/jamon-vilaseca-serrano-reserva-tajado-x40g/p,"Precio Regular
$ 16.990","Ahorra
Precio Ahora
$ 11.893",$ 10.194,VILASECA,"(gr a $ 297,33)",13
Jamon vilaseca serrano reserva tajado x80gr,/jamon-vilaseca-serrano-reserva-tajado-x80gr/p,"Precio Regular
$ 17.590","Ahorra
Precio Ahora
$ 12.313",$ 10.554,PRODUCCION CENCOSUD,"(gr a $ 153,91)",13
Jamón York Catalán x 250g,/jamon-york-catalan-x-250g/p,"Precio Regular
$ 19.590","Ahorra
Precio Ahora
$ 13.713",$ 11.754,CATALAN,"(gr a $ 54,85)",13
Jamon zenu dulce cerdo xkg,/jamon-zenu-dulce-cerdo-xkg/p,"Precio Regular
$ 65.989","Ahorra
Precio Ahora
$ 46.192",$ 39.593,ZENU,"(gr a $ 153,97)",13
Kabano Cervalle,/kabano-cervalle/p,"Precio Regular
$ 63.789","Ahorra
Precio Ahora
$ 44.652",$ 38.273,CERVALLE,,13
La fondue president x 450g,/la-fondue-president-x-450g/p,"Precio Regular
$ 55.000","Ahorra
Precio Ahora
$ 38.500",$ 33.000,PRESIDENT,"(gr a $ 85,56)",13
Lomo curado Vilaseca x 80g,/lomo-curado-vilaseca-x-80-g/p,"Precio Regular
$ 38.890","Ahorra
Precio Ahora
$ 27.223",$ 23.334,VILLASECA,"(gr a $ 340,29)",13
Lomo de cerdo ahumado DiNardi x 150g,/lomo-de-cerdo-ahumado-x-1-kg/p,"Precio Regular
$ 15.178,35","Ahorra
Precio Ahora
$ 10.624,35","$ 9.106,95",DINARDI,"(gr a $ 70,83)",13
Lomo de cerdo Catalán ahumado x 250g,/lomo-de-cerdo-catalan-ahumado-x-250g/p,"Precio Regular
$ 17.990","Ahorra
Precio Ahora
$ 12.593",$ 10.794,CATALAN,"(gr a $ 50,37)",13
Lomo de cerdo Parisienne trozo x 150g,/lomo-de-cerdo-parisienne-x-500-g/p,"Precio Regular
$ 13.528,35","Ahorra
Precio Ahora
$ 9.469,35","$ 8.116,95",LA PARISIENNE,"(gr a $ 63,13)",14
Lomo vilaseca curado cerdo tajado x40g,/lomo-vilaseca-curado-cerdo-tajado-x40g/p,"Precio Regular
$ 18.490","Ahorra
Precio Ahora
$ 12.943",$ 11.094,VILASECA,"(gr a $ 323,58)",14
Lonchas mozzalera Centurion trozo x 250g,/lonchitas-de-queso-mozzarella-centurion-green-line-x100g/p,"Precio Regular
$ 13.497,5","Ahorra
Precio Ahora
$ 9.448,5","$ 8.098,5",CENCOSUD,,14
Lonchitas de Queso cheddar Centurion green line cuña x 200g,/lonchitas-de-queso-cheddar-centurion-green-line-x-100g/p,"Precio Regular
$ 10.798","Ahorra
Precio Ahora
$ 7.559","$ 6.478,8",CENCOSUD,,14
Longaniza vilaseca extra payes tajada x40g,/longaniza-vilaseca-extra-payes-tajada-x40g/p,"Precio Regular
$ 9.990","Ahorra
Precio Ahora
$ 6.993",$ 5.994,VILASECA,"(gr a $ 174,83)",14
Lyonesa Koller x 500 g,/lyonesa-koller-x-500-g/p,"Precio Regular
$ 29.694,5","Ahorra
Precio Ahora
$ 20.786,5","$ 17.816,5",KOLLER,"(gr a $ 41,57)",14
Maduros Ibañez mix x 180,/maduros-ibanez-mix-x-180/p,"Precio Regular
$ 33.590","Ahorra
Precio Ahora
$ 23.513",$ 20.154,IBANEZ,"(gr a $ 130,63)",14
Medallones de lomo Pietrán x 1000 g,/medallones-de-lomo-pietran-x-1000g/p,"Precio Regular
$ 26.110","Ahorra
Precio Ahora
$ 18.277",$ 15.666,PIETRAN,,14
Merienda de salami x 120g,/merienda-de-salami-x-120g/p,"Precio Regular
$ 22.090","Ahorra
Precio Ahora
$ 15.463",$ 13.254,LA FACTORIA,"(gr a $ 128,86)",14
Miel appennino food acacia trufa x50g,/miel-appennino-food-acacia-trufa-x50g/p,"Precio Regular
$ 61.990","Ahorra
Precio Ahora
$ 43.393",$ 37.194,APPENNINO FOOD,,14
Mini hamburguesa Koller res x10und x50g,/mini-hamburguesa-koller-res-x10und-x50g/p,"Precio Regular
$ 29.590","Ahorra
Precio Ahora
$ 20.713",$ 17.754,KOLLER,"(gr a $ 41,43)",14
Mini Salami x 6 und,/mini-salami-x-6-und/p,"Precio Regular
$ 27.290","Ahorra
Precio Ahora
$ 19.103",$ 16.374,KOLLER,"(un a $ 3.183,83)",14
Mix chorizo jamón serrano Vilaseca x 80g,/mix-chorizo-jamon-serrano-x-80-g/p,"Precio Regular
$ 25.090","Ahorra
Precio Ahora
$ 17.563",$ 15.054,VILASECA,"(gr a $ 219,54)",15
Mix de carnes x 120 g,/mix-de-carnes-x-120-g/p,"Precio Regular
$ 22.690","Ahorra
Precio Ahora
$ 15.883",$ 13.614,DINARDI,"(gr a $ 132,36)",15
Mix de curados Vilaseca x 120g,/mix-de-curados-vilaseca-x-120g/p,"Precio Regular
$ 27.990","Ahorra
Precio Ahora
$ 19.593",$ 16.794,VILASECA,"(gr a $ 163,28)",15
"Mix madurados (lomo, salami, peperoni y serrano) x 125g",/mix-madurados-lomo-salami-peperoni-y-serrano-x-125-g/p,"Precio Regular
$ 30.990","Ahorra
Precio Ahora
$ 21.693",$ 18.594,VILASECA,"(gr a $ 173,54)",15
Mix Monticello madurados x 115 g,/mix-monticello-madurados-x-115-g/p,,$ 18.990,,MONTICELLO,"(gr a $ 165,13)",15
Mortadela común x 250g tajado colanta,/mortadela-comun-x-250g-tajado-colanta/p,,$ 4.890,,COLANTA,"(gr a $ 19,56)",15
Mortadela Di Nardi x 150 g,/mortadela-x-1-kg/p,"Precio Regular
$ 32.989","Ahorra
Precio Ahora
$ 23.092",$ 19.793,CENCOSUD,,15
Mortadela jamonada en barra La Parisienne x 1000g,/mortadela-jamonada-en-barra-x-1000g/p,"Precio Regular
$ 40.689","Ahorra
Precio Ahora
$ 28.482",$ 24.413,CENCOSUD,,15
Mousse de Salmón x 220g,/mousse-de-salmon-x-220g/p,"Precio Regular
$ 39.990","Ahorra
Precio Ahora
$ 27.993",$ 23.994,BON PATE,"(gr a $ 127,24)",15
Mousse Malvasia foie pato x 130g,/mousse-malvasia-foie-pato-x130g/p,"Precio Regular
$ 85.990","Ahorra
Precio Ahora
$ 60.193",$ 51.594,MALVASIA,"(gr a $ 463,02)",15
Mousse porción x 100g,/mousse-porcion-x-100g/p,"Precio Regular
$ 20.990","Ahorra
Precio Ahora
$ 14.693",$ 12.594,BON PATE,"(gr a $ 146,93)",15
Pack la maison du pate sab.surtidos x200g,/pack-la-maison-du-pate-sab-surtidos-x200g/p,"Precio Regular
$ 25.990","Ahorra
Precio Ahora
$ 18.193",$ 15.594,LA MAISON DU PATE,"(gr a $ 90,97)",15
Paleta Nico Jamones serrana bandeja x 60 g,/paleta-nico-jamones-serrana-bandeja-x60g/p,"Precio Regular
$ 9.790","Ahorra
Precio Ahora
$ 6.853",$ 5.874,NICO JAMONES,"(gr a $ 114,22)",16
Parmesano Alpina Trozo x 300g,/parmesano-alpina-x-300g/p,"Precio Regular
$ 31.437","Ahorra
Precio Ahora
$ 22.006","$ 18.862,2",ALPINA,"(gr a $ 73,35)",16
Pastrami La Parisienne trozo x 100g,/pastrami-de-res-la-parisienne-x-300g/p,"Precio Regular
$ 8.798,9","Ahorra
Precio Ahora
$ 6.158,9","$ 5.279,3",CENCOSUD,,16
Pate atún Bon pate bandeja x 6 x 150g,/pate-atun-bon-pate-bandeja-x-6-x-150-g/p,"Precio Regular
$ 16.490","Ahorra
Precio Ahora
$ 11.543",$ 9.894,BON PATE,"(gr a $ 76,95)",16
Pate atún Bon pate porción x 100g,/pate-atun-bon-pate-porcion-x-100-g/p,"Precio Regular
$ 11.190","Ahorra
Precio Ahora
$ 7.833",$ 6.714,BON PATE,"(gr a $ 78,33)",16
Pate Bon pate de aves bandeja x 6 x 150g,/pate-de-aves-bandeja-bon-pate-x-6-x-150-g/p,"Precio Regular
$ 34.790","Ahorra
Precio Ahora
$ 24.353",$ 20.874,BON PATE,"(gr a $ 162,35)",16
Paté Bon Pate de aves x 100g,/pate-de-aves-x-100g/p,"Precio Regular
$ 17.290","Ahorra
Precio Ahora
$ 12.103",$ 10.374,BON PATE,"(gr a $ 121,03)",16
Paté de Atún y Mostaza Bonvivant x 220g,/pate-de-atun-y-mostaza-bonvivant-x-220g/p,"Precio Regular
$ 22.790","Ahorra
Precio Ahora
$ 15.953",$ 13.674,BON PATE,"(gr a $ 72,51)",16
Pate de aves al coñac con champiñones bonvivant x 220g,/pate-de-aves-al-conac-con-champinones-bonvivant-x-220g/p,"Precio Regular
$ 33.590","Ahorra
Precio Ahora
$ 23.513",$ 20.154,BON PATE,"(gr a $ 106,88)",16
Paté de aves porción x 190g,/pate-de-aves-porcion-x-190g/p,"Precio Regular
$ 28.500","Ahorra
Precio Ahora
$ 19.950",$ 17.100,BON PATE,(gr a $ 105),16
Pate de foie larga vida La Parisienne x 125g,/pate-de-foie-larga-vida-x-125-g/p,"Precio Regular
$ 14.690","Ahorra
Precio Ahora
$ 10.283",$ 8.814,LA PARISIENNE,"(gr a $ 82,26)",16
Paté de Hígado Fino Koller x 250g,/pate-de-higado-fino-koller-x-250g/p,"Precio Regular
$ 53.090","Ahorra
Precio Ahora
$ 37.163",$ 31.854,KOLLER,,16
Paté de hígado premium Vilaseca x 100g,/pate-de-higado-premium-x-100g/p,"Precio Regular
$ 10.590","Ahorra
Precio Ahora
$ 7.413",$ 6.354,CENCOSUD,,17
Pate de lenteja y berenjena Cheika x 250g,/pate-de-lenteja-y-berenjena-x-250-g/p,"Precio Regular
$ 15.590","Ahorra
Precio Ahora
$ 10.913",$ 9.354,ULA´S,"(gr a $ 43,65)",17
Paté de Queso bandeja x 6 unds x 150g,/pate-de-queso-bandeja-x-6-unds-x-150g/p,"Precio Regular
$ 22.190","Ahorra
Precio Ahora
$ 15.533",$ 13.314,BON PATE,"(gr a $ 103,55)",17
Paté de Queso con Cebolla Bonvivant x 220g,/pate-de-queso-con-cebolla-bonvivant-x-220g/p,"Precio Regular
$ 28.990","Ahorra
Precio Ahora
$ 20.293",$ 17.394,BON PATE,"(gr a $ 92,24)",17
Paté de Queso con Frutas x 100g,/pate-de-queso-con-frutas-x-100g/p,"Precio Regular
$ 13.050","Ahorra
Precio Ahora
$ 9.135",$ 7.830,BON PATE,"(gr a $ 91,35)",17
Paté de Queso x 150g,/pate-de-queso-x-150g/p,"Precio Regular
$ 20.590","Ahorra
Precio Ahora
$ 14.413",$ 12.354,BON PATE,"(gr a $ 96,09)",17
Pate la maison du pate albahaca x100g,/pate-la-maison-du-pate-albahaca-x100g/p,"Precio Regular
$ 17.490","Ahorra
Precio Ahora
$ 12.243",$ 10.494,LA MAISON DU PATE,"(gr a $ 122,43)",17
Pate la maison du pate cebolleta x100g,/pate-la-maison-du-pate-cebolleta-x100g/p,"Precio Regular
$ 16.590","Ahorra
Precio Ahora
$ 11.613",$ 9.954,LA MAISON DU PATE,"(gr a $ 116,13)",17
Pate la maison du pate champ pimienta x100g,/pate-la-maison-du-pate-champ-pimienta-x100g/p,"Precio Regular
$ 17.490","Ahorra
Precio Ahora
$ 12.243",$ 10.494,LA MAISON DU PATE,"(gr a $ 122,43)",17
Pate la maison du pate dos pimientas x100g,/pate-la-maison-du-pate-dos-pimientas-x100g/p,"Precio Regular
$ 17.490","Ahorra
Precio Ahora
$ 12.243",$ 10.494,LA MAISON DU PATE,"(gr a $ 122,43)",17
Pate la maison du pate estragon x100g,/pate-la-maison-du-pate-estragon-x100g/p,"Precio Regular
$ 16.590","Ahorra
Precio Ahora
$ 11.613",$ 9.954,LA MAISON DU PATE,"(gr a $ 116,13)",17
Pate la maison du pate hierb.francesas x100g,/pate-la-maison-du-pate-hierb-francesas-x100g/p,"Precio Regular
$ 17.490","Ahorra
Precio Ahora
$ 12.243",$ 10.494,LA MAISON DU PATE,"(gr a $ 122,43)",17
Pate la maison du pate hierb.italianas x100g,/pate-la-maison-du-pate-hierb-italianas-x100g/p,"Precio Regular
$ 17.490","Ahorra
Precio Ahora
$ 12.243",$ 10.494,LA MAISON DU PATE,"(gr a $ 122,43)",18
Pate la maison du pate pimienta x100g,/pate-la-maison-du-pate-pimienta-x100g/p,"Precio Regular
$ 17.490","Ahorra
Precio Ahora
$ 12.243",$ 10.494,LA MAISON DU PATE,"(gr a $ 122,43)",18
Pechuga Delipavo de pavo a la naranja x250g,/pechuga-de-pavo-a-la-naranja-x-250-g/p,"Precio Regular
$ 44.090","Ahorra
Precio Ahora
$ 30.863",$ 26.454,DELIPAVO,"(gr a $ 123,45)",18
Pechuga Delipavo de pavo a las pimientas x 250g,/pechuga-de-pavo-a-las-pimientas-x-250g/p,"Precio Regular
$ 40.790","Ahorra
Precio Ahora
$ 28.553",$ 24.474,DELIPAVO,"(gr a $ 114,21)",18
Pechuga Delipavo de pavo Acaramelada X 250 g,/pechuga-de-pavo-acaramelada-x-250-g/p,"Precio Regular
$ 44.090","Ahorra
Precio Ahora
$ 30.863",$ 26.454,DELIPAVO,"(gr a $ 123,45)",18
Pechuga Delipavo de pavo cajun x 250g,/pechuga-de-pavo-cajun-x-250g/p,"Precio Regular
$ 45.190","Ahorra
Precio Ahora
$ 31.633",$ 27.114,DELIPAVO,"(gr a $ 126,53)",18
Pechuga Delipavo de pavo mediterránea x 250g,/pechuga-de-pavo-mediterranea-x-250g/p,"Precio Regular
$ 42.890","Ahorra
Precio Ahora
$ 30.023",$ 25.734,DELIPAVO,"(gr a $ 120,09)",18
Pechuga Delipavo de pavo selva negra x 250g,/pechuga-de-pavo-selva-negra-x-250g/p,"Precio Regular
$ 43.090","Ahorra
Precio Ahora
$ 30.163",$ 25.854,DELIPAVO,"(gr a $ 120,65)",18
Pechuga Delipavo de Pavo Silvestre X 250 g,/pechuga-de-pavo-silvestre-x-250-g/p,"Precio Regular
$ 42.890","Ahorra
Precio Ahora
$ 30.023",$ 25.734,DELIPAVO,"(gr a $ 120,09)",18
Pechuga Delipavo de pavo x 250g,/pechuga-de-pavo-x-250g/p,"Precio Regular
$ 46.190","Ahorra
Precio Ahora
$ 32.333",$ 27.714,DELIPAVO,"(gr a $ 129,33)",18
Pechuga Delipavo pavo condimentado como pastrami x 250 g,/pechuga-pavo-condimentado-como-pastrami-x-250-g/p,"Precio Regular
$ 44.090","Ahorra
Precio Ahora
$ 30.863",$ 26.454,DELIPAVO,"(gr a $ 123,45)",18
Pechuga pavos del campo pavo finas hierbas x250g,/pechuga-pavos-del-campo-pavo-finas-hierbas-x250g/p,"Precio Regular
$ 22.090","Ahorra
Precio Ahora
$ 15.463",$ 13.254,PAVOS DEL CAMPO,"(gr a $ 61,85)",18
Pechuga pavos del campo pavo natural x250g,/pechuga-pavos-del-campo-pavo-natural-x250g/p,"Precio Regular
$ 20.990","Ahorra
Precio Ahora
$ 14.693",$ 12.594,PAVOS DEL CAMPO,,19
Peperoni Casablanca madurado x80g,/peperoni-casablanca-madurado-x80g/p,"Precio Regular
$ 8.790","Ahorra
Precio Ahora
$ 6.153",$ 5.274,CASABLANCA,,19
Peperoni Delipavo de pavo x 1kg,/peperoni-de-pavo-x-1-kg/p,"Precio Regular
$ 34.990","Ahorra
Precio Ahora
$ 24.493",$ 20.994,DELIPAVO,"(gr a $ 24,49)",19
Peperoni Di Nardi x 70 g,/peperoni-nardi-x-kg/p,"Precio Regular
$ 8.315,23","Ahorra
Precio Ahora
$ 5.820,23","$ 4.989,11",NARDI,"(gr a $ 83,15)",19
Peperoni La Factoria Barra trozo x100g,/peperoni-la-factoria-gourmet-x-300g/p,"Precio Regular
$ 10.599","Ahorra
Precio Ahora
$ 7.419","$ 6.359,4",LA FACTORIA,"(gr a $ 74,19)",19
Peperoni sierra nevada La Parisienne trozo x 100g,/peperoni-sierra-nevada-la-parisienne-x-300g/p,"Precio Regular
$ 10.118,9","Ahorra
Precio Ahora
$ 7.082,9","$ 6.071,3",LA PARISIENNE,"(gr a $ 70,83)",19
Pepino agridulce Ulas x 250g,/pepino-agridulce-ulas-x-250g/p,"Precio Regular
$ 7.190","Ahorra
Precio Ahora
$ 5.033",$ 4.314,ULA´S,"(gr a $ 20,13)",19
Pepperoni colombo alemana xkg,/pepperoni-colombo-alemana-xkg/p,"Precio Regular
$ 57.189","Ahorra
Precio Ahora
$ 40.032",$ 34.313,COLOMBO ALEMANA,"(gr a $ 400,32)",19
Pepperoni la abuela x 60 g,/pepperoni-la-abuela-x60g/p,"Precio Regular
$ 9.590","Ahorra
Precio Ahora
$ 6.713",$ 5.754,MARCA BLANCA,"(gr a $ 111,88)",19
Pepperoni La Factoria Gourmet x60g,/pepperoni-la-factoria-gourmet-x60g-3463228/p,"Precio Regular
$ 8.590","Ahorra
Precio Ahora
$ 6.013",$ 5.154,LA FACTORIA GOURMET,"(gr a $ 100,22)",19
Pepperoni la perisienne x 150g,/pepperoni-la-perisienne-x-150g/p,"Precio Regular
$ 16.790","Ahorra
Precio Ahora
$ 11.753",$ 10.074,LA PARISIENNE,"(gr a $ 78,35)",19
Pepperoni madurado Vilaseca x 100g,/pepperoni-madurado-vilaseca-x-100g/p,"Precio Regular
$ 15.590","Ahorra
Precio Ahora
$ 10.913",$ 9.354,VILASECA,"(gr a $ 109,13)",19
Pepperoni vilaseca madurado tajado x80g,/pepperoni-vilaseca-madurado-tajado-x80g/p,"Precio Regular
$ 9.390","Ahorra
Precio Ahora
$ 6.573",$ 5.634,VILASECA,"(gr a $ 82,16)",20
Pernil de pavo ahumado x 300 g,/pernil-de-pavo-ahumado-x-300-g/p,"Precio Regular
$ 39.596,7","Ahorra
Precio Ahora
$ 27.717,7","$ 23.757,9",DELIPAVO,"(gr a $ 92,39)",20
Pernil horneado DiNardi x 150g,/pernil-horneado-x-2-9-kg/p,"Precio Regular
$ 91.058","Ahorra
Precio Ahora
$ 63.741",$ 54.634,DINARDI,"(gr a $ 424,94)",20
Pimentón ahumado Ulas x 240g,/pimenton-ahumado-ulas-x-240g/p,"Precio Regular
$ 13.990","Ahorra
Precio Ahora
$ 9.793",$ 8.394,ULA´S,"(gr a $ 39,17)",20
Pimentón ahumado Ulas x 500g,/pimenton-ahumado-ulas-x-500g/p,"Precio Regular
$ 27.290","Ahorra
Precio Ahora
$ 19.103",$ 16.374,ULA´S,"(gr a $ 38,21)",20
Pimentones Cheika x 250g,/pimentones-cheika-x-250g/p,"Precio Regular
$ 18.890","Ahorra
Precio Ahora
$ 13.223",$ 11.334,ULA´S,"(gr a $ 52,89)",20
Pimientos rojos il Grilliatore dulces gotas x240g,/pimientos-il-grilliatore-rojos-dulces-gotas-x240g/p,"Precio Regular
$ 48.990","Ahorra
Precio Ahora
$ 34.293",$ 29.394,IL GRILLIATORE,,20
Prosciutto Di Nardi x 70g,/prosciutto-di-nardi-x-70g/p,"Precio Regular
$ 22.090","Ahorra
Precio Ahora
$ 15.463",$ 13.254,DINARDI,"(gr a $ 220,9)",20
Prosciutto italaino x 100 g,/prosciutto-italaino-x100g/p,"Precio Regular
$ 27.590","Ahorra
Precio Ahora
$ 19.313",$ 16.554,LA FACTORIA,"(gr a $ 193,13)",20
Prosciutto la parisienne x 150g,/prosciutto-la-parisienne-x-150g/p,"Precio Regular
$ 37.990","Ahorra
Precio Ahora
$ 26.593",$ 22.794,LA PARISIENNE,"(gr a $ 177,29)",20
Queso Ahumado Pimienta negra trozo x 120g,/queso-smoked-cheese-grand-or-x-120g/p,"Precio Regular
$ 10.318,8","Ahorra
Precio Ahora
$ 7.222,8","$ 6.191,28",PREMIUM CHOICE,"(gr a $ 60,19)",20
Queso alemán cremdor x 125g,/queso-aleman-cremdor-x-125g/p,"Precio Regular
$ 22.090","Ahorra
Precio Ahora
$ 15.463",$ 13.254,MARCA BLANCA,"(gr a $ 123,7)",20
Queso Alpina gruyere cuna x 180 g,/queso-alpina-gruyere-cuna-x-180-g/p,"Precio Regular
$ 17.590","Ahorra
Precio Ahora
$ 12.313",$ 10.554,ALPINA,"(gr a $ 68,41)",21
Queso Alpina Gruyere cuna x 250 g,/queso-alpina-gruyere-cuna-x-250-g/p,"Precio Regular
$ 23.990","Ahorra
Precio Ahora
$ 16.793",$ 14.394,ALPINA,"(gr a $ 67,17)",21
Queso Alpina sopo cubos x 250 g,/queso-alpina-sopo-cubos-x-250-g/p,"Precio Regular
$ 26.850","Ahorra
Precio Ahora
$ 18.795",$ 16.110,ALPINA,"(gr a $ 75,18)",21
Queso Alpina sopo Trozo x 180g,/queso-alpina-sopo-torta-8-k/p,"Precio Regular
$ 93.990","Ahorra
Precio Ahora
$ 65.793",$ 56.394,ALPINA,(gr a $ 65.793),21
Queso Alpina Tilsit ahumado cuna x 180 g,/queso-alpina-tilsit-ahumado-cuna-x-180-g/p,"Precio Regular
$ 17.750","Ahorra
Precio Ahora
$ 12.425",$ 10.650,ALPINA,"(gr a $ 69,03)",21
Queso Alpina Tilsit ahumado cuna x 250 g,/queso-alpina-tilsit-ahumado-cuna-x250g/p,"Precio Regular
$ 22.990","Ahorra
Precio Ahora
$ 16.093",$ 13.794,ALPINA,"(gr a $ 64,37)",21
Queso Alpina Tilsit natural cuna x 180 g,/queso-alpina-tilsit-natural-cuna-x180g/p,"Precio Regular
$ 18.390","Ahorra
Precio Ahora
$ 12.873",$ 11.034,ALPINA,"(gr a $ 71,52)",21
Queso Alpina Tilsit natural cuna x 250 g,/queso-alpina-tilsit-natural-cuna-x-250-g/p,"Precio Regular
$ 24.790","Ahorra
Precio Ahora
$ 17.353",$ 14.874,ALPINA,"(gr a $ 69,41)",21
Queso ammerlander edamer xkg,/queso-ammerlander-edamer-xkg/p,"Precio Regular
$ 52.789","Ahorra
Precio Ahora
$ 36.952",$ 31.673,AMMERLANDER,,21
Queso ammerlander havarti xkg,/queso-ammerlander-havarti-xkg/p,"Precio Regular
$ 57.189","Ahorra
Precio Ahora
$ 40.032",$ 34.313,AMMERLANDER,,21
Queso Asiago con pimienta Delizie Italiane x 500g,/queso-asiago-con-pimienta-lacto-life-x-500-g/p,"Precio Regular
$ 59.834,5","Ahorra
Precio Ahora
$ 41.884,5","$ 35.900,5",LACTOLIFE,,21
Queso azul Saint Agur x 125g,/queso-azul-saint-agur-x-125g/p,"Precio Regular
$ 28.990","Ahorra
Precio Ahora
$ 20.293",$ 17.394,ILE DE FRANCE,"(gr a $ 135,29)",21
Queso Azul Bavaria trozo x 100g,/queso-azul-bavaria-premium-choice-x-500-g/p,"Precio Regular
$ 12.599","Ahorra
Precio Ahora
$ 8.819","$ 7.559,4",PREMIUM CHOICE,"(gr a $ 88,19)",22
Queso azul cuna x bbq x 180g,/queso-azul-cuna-x-bbq-x-180g/p,"Precio Regular
$ 15.363","Ahorra
Precio Ahora
$ 10.754","$ 9.217,8",CENCOSUD,,22
Queso azul danés Rosenborg x 100g,/queso-azul-danes-rosenborg-x-100g/p,"Precio Regular
$ 17.590","Ahorra
Precio Ahora
$ 12.313",$ 10.554,PREMIUM CHOICE,"(gr a $ 123,13)",22
Queso babybel original x200 g,/queso-babybel-original-x200-g/p,"Precio Regular
$ 26.990","Ahorra
Precio Ahora
$ 18.893",$ 16.194,PREMIUM CHOICE,"(gr a $ 94,47)",22
Queso Bocconcello del Vecchio x125g,/queso-bacconcini-de-mozzarella-del-vecchio-x-125g/p,"Precio Regular
$ 7.190","Ahorra
Precio Ahora
$ 5.033",$ 4.314,DEL VECCHIO,"(gr a $ 41,94)",22
Queso Bocconcini de mozzarella del vecchio x 250g,/queso-bocconcini-de-mozzarella-del-vecchio-x-250g/p,"Precio Regular
$ 17.990","Ahorra
Precio Ahora
$ 12.593",$ 10.794,CENCOSUD,,22
Queso Brie Kaserei Champignon x 125 g,/queso-brie-kaserei-champignon-x-125-g/p,"Precio Regular
$ 19.590","Ahorra
Precio Ahora
$ 13.713",$ 11.754,CENTURION FOODS,"(gr a $ 109,7)",22
Queso brie Rosenborg x 125g,/queso-brie-rosenborg-x-125g/p,"Precio Regular
$ 25.890","Ahorra
Precio Ahora
$ 18.123",$ 15.534,PREMIUM CHOICE,"(gr a $ 144,98)",22
Queso brie tranches de brie Ile de France x 150 g,/queso-brie-tranches-de-brie-ile-de-france-x-150-g/p,"Precio Regular
$ 25.990","Ahorra
Precio Ahora
$ 18.193",$ 15.594,CENCOSUD,,22
Queso Burgo de Arias fresco x230g,/queso-burgo-de-arias-fresco-x230g-3500342/p,"Precio Regular
$ 19.590","Ahorra
Precio Ahora
$ 13.713",$ 11.754,BURGO DE ARIAS,,22
Queso burgo de arias fresco x230g,/queso-burgo-de-arias-fresco-x230g-3467016/p,"Precio Regular
$ 17.990","Ahorra
Precio Ahora
$ 12.593",$ 10.794,BURGO DE ARIAS,,22
Queso cabra natural del pastor x 120g,/queso-cabra-natural-del-pastor-x-120g-/p,"Precio Regular
$ 20.990","Ahorra
Precio Ahora
$ 14.693",$ 12.594,ALCANZA,,22
Queso Camembert kaserei champiñón x 125g,/queso-camembert-kaserei-champinon-x-125g/p,"Precio Regular
$ 19.390","Ahorra
Precio Ahora
$ 13.573",$ 11.634,CENTURION FOODS,"(gr a $ 108,58)",23
Queso camembert Rosenborg x 125g,/queso-camembert-rosenborg-x-125g/p,"Precio Regular
$ 25.890","Ahorra
Precio Ahora
$ 18.123",$ 15.534,PREMIUM CHOICE,"(gr a $ 144,98)",23
Queso Campesino Premiun Choice trozo x250g,/queso-campesino-muenster-chesse-x-300g/p,"Precio Regular
$ 5.147,5","Ahorra
Precio Ahora
$ 3.603,5","$ 3.088,5",PREMIUM CHOICE,"(gr a $ 14,41)",23
Queso Centurion cambozola x 125 g,/queso-centurion-cambozola-x-125-g/p,"Precio Regular
$ 22.090","Ahorra
Precio Ahora
$ 15.463",$ 13.254,MARCA BLANCA,"(gr a $ 123,7)",23
Queso Centurion fondue x400g,/queso-centurion-fondue-x400g/p,"Precio Regular
$ 53.990","Ahorra
Precio Ahora
$ 37.793",$ 32.394,CENTURION,,23
Queso Chavroux bongrain Premium Choice x 150 g,/queso-chavroux-bongrain-premium-choice-x-150-g/p,"Precio Regular
$ 20.190","Ahorra
Precio Ahora
$ 14.133",$ 12.114,PREMIUM CHOICE,"(gr a $ 94,22)",23
Queso cheddar colanta x 150 g,/queso-cheddar-colanta-x-150-g/p,"Precio Regular
$ 11.878,5","Ahorra
Precio Ahora
$ 8.314,5","$ 7.127,1",COLANTA,"(gr a $ 55,43)",23
Queso cheddar tajado x 200 g colanta,/queso-cheddar-tajado-x-200-g-colanta/p,,$ 13.590,,COLANTA,"(gr a $ 67,95)",23
Queso colacteos costeno xkg,/queso-colacteos-costeno-xkg/p,"Precio Regular
$ 40.750","Ahorra
Precio Ahora
$ 28.525",$ 24.450,COLACTEOS,"(gr a $ 142,63)",23
Queso colacteos mozzarella xkg,/queso-colacteos-mozzarella-xkg/p,"Precio Regular
$ 46.800","Ahorra
Precio Ahora
$ 32.760",$ 28.080,COLACTEOS,,23
Queso colanta mozarella bufala finas hierbas x250g,/queso-colanta-mozarella-bufala-finas-hierbas-x250g/p,"Precio Regular
$ 12.800","Ahorra
Precio Ahora
$ 8.960",$ 7.680,COLANTA,"(gr a $ 35,84)",23
Queso Colby Jack Barra premium choice trozo x 200g,/queso-colby-jack-cheese-crescent-valley-x-300g/p,"Precio Regular
$ 21.198","Ahorra
Precio Ahora
$ 14.839","$ 12.718,8",PREMIUM CHOICE,"(gr a $ 74,2)",23
Queso Colby Jack Centurion premium trozo x 200g,/colby-jack-centurion-premium-bloque-x-2-3-kg/p,"Precio Regular
$ 83.990","Ahorra
Precio Ahora
$ 58.793",$ 50.394,CENTURION FOODS,"(gr a $ 293,97)",24
Queso costeño Colanta Trozo x 500g,/queso-costeno-x-500-g/p,"Precio Regular
$ 18.075","Ahorra
Precio Ahora
$ 12.652",$ 10.845,COLANTA,"(gr a $ 25,3)",24
Queso costeno Lacombi x 250 g,/queso-lacombi-costeno-x-250-g/p,"Precio Regular
$ 8.190","Ahorra
Precio Ahora
$ 5.733",$ 4.914,DAMALAC,,24
Queso crema 0% lactosa quescrem x 200g,/queso-crema-0-lactosa-quescrem-x-200g/p,"Precio Regular
$ 13.590","Ahorra
Precio Ahora
$ 9.513",$ 8.154,PREMIUM CHOICE,"(gr a $ 47,57)",24
Queso crema bio natural quescrem x 200g,/queso-crema-bio-natural-quescrem-x-200g/p,"Precio Regular
$ 19.990","Ahorra
Precio Ahora
$ 13.993",$ 11.994,PREMIUM CHOICE,"(gr a $ 69,97)",24
Queso crema con ajo y finas hierbas quescrem x 200g,/queso-crema-con-ajo-y-finas-hierbas-quescrem-x-200g/p,"Precio Regular
$ 19.590","Ahorra
Precio Ahora
$ 13.713",$ 11.754,PREMIUM CHOICE,"(gr a $ 68,57)",24
Queso crema kraft original x226g,/queso-crema-kraft-original-x226g/p,"Precio Regular
$ 12.590","Ahorra
Precio Ahora
$ 8.813",$ 7.554,KRAFT,(gr a $ 39),24
Queso crema light quescrem x 200g,/queso-crema-light-quescrem-x-200g/p,"Precio Regular
$ 13.990","Ahorra
Precio Ahora
$ 9.793",$ 8.394,PREMIUM CHOICE,"(gr a $ 48,97)",24
Queso crema natural quescrem x 200g,/queso-crema-natural-quescrem-x-200g/p,"Precio Regular
$ 17.590","Ahorra
Precio Ahora
$ 12.313",$ 10.554,PREMIUM CHOICE,"(gr a $ 61,57)",24
Queso Danablu Centurion Premium x 100 g,/queso-danablu-centurion-premium-x-100-g/p,"Precio Regular
$ 14.590","Ahorra
Precio Ahora
$ 10.213",$ 8.754,CENTURION FOODS,"(gr a $ 102,13)",24
Queso de Cabeza Koller x 500 g,/queso-de-cabeza-koller-x-500-g/p,"Precio Regular
$ 34.094,5","Ahorra
Precio Ahora
$ 23.866,5","$ 20.456,5",KOLLER,"(gr a $ 47,73)",24
Queso de Cabeza Parisienne trozo x100g,/queso-de-cabeza-artesanal-premium-x-300g/p,"Precio Regular
$ 6.158,9","Ahorra
Precio Ahora
$ 4.310,9","$ 3.695,3",LA PARISIENNE,"(gr a $ 43,11)",24
Queso de Cabra,/queso-de-cabra/p,"Precio Regular
$ 19.390","Ahorra
Precio Ahora
$ 13.573",$ 11.634,PRESIDENT,(gr a $ 13.573),25
Queso de cabra curado Covo Reserva x465g,/queso-covo-reserva-cabra-curado-x465g/p,"Precio Regular
$ 98.690","Ahorra
Precio Ahora
$ 69.083",$ 59.214,COVO RESERVA,,25
Queso de cabra Rocinante cuna x 150 g,/queso-de-cabra-rocinante-cuna-x-150-g/p,"Precio Regular
$ 25.490","Ahorra
Precio Ahora
$ 17.843",$ 15.294,PREMIUM CHOICE,"(gr a $ 118,95)",25
Queso de carne koller x 500 g,/queso-de-carne-koller-x-500-g/p,"Precio Regular
$ 27.494,5","Ahorra
Precio Ahora
$ 19.246,5","$ 16.496,5",KOLLER,"(gr a $ 38,49)",25
Queso de carne tajado Koller x 500 g,/queso-de-carne-tajado-koller-x-500-g/p,"Precio Regular
$ 28.594,5","Ahorra
Precio Ahora
$ 20.016,5","$ 17.156,5",KOLLER,"(gr a $ 40,03)",25
Queso Dibufala burrata x480g,/queso-burrata-di-bufala-vaso-2-und-x-125-g/p,"Precio Regular
$ 26.990","Ahorra
Precio Ahora
$ 18.893",$ 16.194,DIBUFALA,"(gr a $ 151,14)",25
Queso dibufala montana haloumi parrilla x400g,/queso-dibufala-montana-haloumi-parrilla-x400g/p,"Precio Regular
$ 31.090","Ahorra
Precio Ahora
$ 21.763",$ 18.654,DIBUFALA,"(gr a $ 54,41)",25
Queso Dibufala mozzarella aceite aji picante x320g,/queso-dibufala-mozzarella-aceite-aji-picantex320g/p,"Precio Regular
$ 17.490","Ahorra
Precio Ahora
$ 12.243",$ 10.494,DIBUFALA,"(gr a $ 38,26)",25
Queso dibufala mozzarella aceite albahaca x320g,/queso-dibufala-mozzarella-aceite-albahaca-x320g/p,"Precio Regular
$ 16.650","Ahorra
Precio Ahora
$ 11.655",$ 9.990,DIBUFALA,"(gr a $ 36,42)",25
Queso dibufala mozzarella aceitefinashierbasx320g,/queso-dibufala-mozzarella-aceitefinashierbasx320g/p,"Precio Regular
$ 16.990","Ahorra
Precio Ahora
$ 11.893",$ 10.194,DIBUFALA,"(gr a $ 59,47)",25
Queso Dibufala mozzarella bocconcini x5 unds x500g,/queso-mozzarella-difula-x-250g/p,"Precio Regular
$ 15.400","Ahorra
Precio Ahora
$ 10.780",$ 9.240,DIBUFALA,"(gr a $ 43,12)",25
Queso Dibufala mozzarella ciliegine x34 unds x880g,/queso-mozzarella-ciliegine-dibufala-bolsa-34-und-x-15-g-c-u/p,"Precio Regular
$ 28.350","Ahorra
Precio Ahora
$ 19.845",$ 17.010,DIBUFALA,"(gr a $ 39,69)",25
Queso Dibufala mozzarella ciliegine x480g,/mozzarella-dibufala-ciliegine-vaso-x-480-gr/p,"Precio Regular
$ 13.650","Ahorra
Precio Ahora
$ 9.555",$ 8.190,DIBUFALA,"(gr a $ 38,22)",26
Queso dibufala mozzarella organico ovoline x800g,/queso-dibufala-mozzarella-organico-ovoline-x800g/p,"Precio Regular
$ 27.090","Ahorra
Precio Ahora
$ 18.963",$ 16.254,DIBUFALA,"(gr a $ 37,93)",26
Queso Dibufala mozzarella ovoline x2 unds x500g,/mozzarella-dibufala-ovoline-vaso-2-un-x-125-gr/p,"Precio Regular
$ 15.250","Ahorra
Precio Ahora
$ 10.675",$ 9.150,CENCOSUD,,26
Queso Dibufala Ricotta vaso x300gr,/queso-ricotta-dibufala-x-300g/p,"Precio Regular
$ 7.090","Ahorra
Precio Ahora
$ 4.963",$ 4.254,DIBUFALA,"(gr a $ 16,54)",26
Queso Dibufala snack x 45 g,/queso-dibufala-snack-x45g/p,"Precio Regular
$ 2.690","Ahorra
Precio Ahora
$ 1.883",$ 1.614,DIBUFALA,"(gr a $ 41,84)",26
Queso Dibufala snack x12 und x45g c-u,/queso-dibufala-snack-x12und-x45g-c-u/p,"Precio Regular
$ 31.190","Ahorra
Precio Ahora
$ 21.833",$ 18.714,DIBUFALA,"(gr a $ 485,18)",26
Queso doble crema bloque Taloa x 1250g,/queso-doble-crema-bloque-x-1250-g-/p,"Precio Regular
$ 27.990","Ahorra
Precio Ahora
$ 19.593",$ 16.794,CENCOSUD,,26
Queso Edam Ahumado Natural trozoz x100g,/queso-edam-ahumado-natural-x-500-g/p,"Precio Regular
$ 8.799","Ahorra
Precio Ahora
$ 6.159","$ 5.279,4",PREMIUM CHOICE,(gr a $ 6.159),26
Queso El Pastor cabra semicurado x 150 g,/queso-el-pastor-cabra-semicurado-x-150-g/p,"Precio Regular
$ 27.590","Ahorra
Precio Ahora
$ 19.313",$ 16.554,EL PASTOR,"(gr a $ 128,75)",26
"Queso El Pastor curado vaca, oveja y cabra torta x 1kg",/queso-el-pastor-curado-vaca-oveja-y-cabra-torta-x-1-kg/p,"Precio Regular
$ 113.990","Ahorra
Precio Ahora
$ 79.793",$ 68.394,LA FACTORIA,,26
Queso El Pastor Manchego x 150g,/queso-el-pastor-manchego-x150g/p,"Precio Regular
$ 33.590","Ahorra
Precio Ahora
$ 23.513",$ 20.154,EL PASTOR,"(gr a $ 156,75)",26
Queso El Pastor manchego x 1kg,/queso-el-pastor-manchego-x-1-k/p,"Precio Regular
$ 185.990","Ahorra
Precio Ahora
$ 130.193",$ 111.594,EL PASTOR,,26
Queso El Pastor mezcla curado x 150g,/queso-el-pastor-mezcla-curado-x-150-g/p,"Precio Regular
$ 25.190","Ahorra
Precio Ahora
$ 17.633",$ 15.114,EL PASTOR,"(gr a $ 117,55)",27
Queso El Pastor oveja curado x 150 g,/queso-el-pastor-oveja-curado-x-150-g/p,"Precio Regular
$ 24.190","Ahorra
Precio Ahora
$ 16.933",$ 14.514,EL PASTOR,"(gr a $ 112,89)",27
Queso emmental colanta x 230g,/queso-emmental-colanta-x-230g/p,"Precio Regular
$ 96.790","Ahorra
Precio Ahora
$ 67.753",$ 58.074,COLANTA,"(gr a $ 294,58)",27
Queso Emmental President x 220g,/queso-emmental-president-x-220g/p,"Precio Regular
$ 32.490","Ahorra
Precio Ahora
$ 22.743",$ 19.494,PRESIDENT,"(gr a $ 103,38)",27
Queso Emmenthal Alpina x 200g,/queso-emmental-alpina-x-200g/p,"Precio Regular
$ 18.798","Ahorra
Precio Ahora
$ 13.159","$ 11.278,8",ALPINA,"(gr a $ 65,8)",27
Queso Emmenthal Suizo trozo x 200g,/queso-emmenthal-suizo-centurion-foods-x-500-g/p,"Precio Regular
$ 18.398","Ahorra
Precio Ahora
$ 12.879","$ 11.038,8",CENTURION FOODS,"(gr a $ 64,4)",27
Queso Entrerrios Trozo x 180g,/queso-entrerrios-cuna-x-1-kg/p,"Precio Regular
$ 80.290","Ahorra
Precio Ahora
$ 56.203",$ 48.174,COLANTA,"(gr a $ 312,24)",27
Queso feta danés con finas hierbas y especial x 150g,/queso-feta-danes-con-finas-hierbas-y-especial-x-150g/p,"Precio Regular
$ 23.490","Ahorra
Precio Ahora
$ 16.443",$ 14.094,ARLA,"(gr a $ 109,62)",27
Queso feta danés en aceite con aceitunas x 150g,/queso-feta-danes-en-aceite-con-aceitunas-x-150g/p,"Precio Regular
$ 14.290","Ahorra
Precio Ahora
$ 10.003",$ 8.574,ARLA,"(gr a $ 66,69)",27
Queso Finesse Alpina Trozo x 300g,/queso-finesse-alpina-x-300g/p,"Precio Regular
$ 16.797","Ahorra
Precio Ahora
$ 11.758","$ 10.078,2",CENCOSUD,,27
Queso flores cerdena Sardaformaggi x1kg,/queso-sardaformaggi-flores-cerdena-xkg/p,"Precio Regular
$ 191.389","Ahorra
Precio Ahora
$ 133.972",$ 114.833,SARDAFORMAGGI,,27
Queso Fondue suizo original Mifroma x 400g,/queso-fondue-suizo-original-mifroma-x-400g/p,"Precio Regular
$ 48.990","Ahorra
Precio Ahora
$ 34.293",$ 29.394,MIFROMA,"(gr a $ 85,73)",27
Queso Gorgonzolla Lacto Life x 500 g,/queso-gorgonzolla-lacto-life-x-500-g/p,"Precio Regular
$ 36.844,5","Ahorra
Precio Ahora
$ 25.791,5","$ 22.106,5",LACTOLIFE,"(gr a $ 51,58)",28
Queso Gouda Natural Trozo x 200g,/queso-gouda-natural-x-5-kg/p,"Precio Regular
$ 19.357,8","Ahorra
Precio Ahora
$ 13.550,8","$ 11.614,6",CENTURION FOODS,"(gr a $ 67,75)",28
Queso gouda Natural trozo x200g,/queso-gouda-natural-torta-centurion-foods-x-1-kg/p,"Precio Regular
$ 21.598","Ahorra
Precio Ahora
$ 15.119","$ 12.958,8",CENTURION FOODS,"(gr a $ 75,6)",28
Queso Grana padano auricchio d.o.p. torta x 220 g,/grana-padano-auricchio-d-o-p-torta-x115-g/p,"Precio Regular
$ 33.198","Ahorra
Precio Ahora
$ 23.239","$ 19.918,8",CENTURION FOODS,"(gr a $ 116,2)",28
Queso gruyere presentaci¢n en cuqa x 300g,/queso-gruyere-presentacion-en-cuna-x-300g/p,"Precio Regular
$ 26.715","Ahorra
Precio Ahora
$ 18.700",$ 16.029,COLANTA,"(gr a $ 62,33)",28
Queso Holandes Alpina Trozo x 300g,/queso-holandes-alpina-x-300g/p,"Precio Regular
$ 22.647","Ahorra
Precio Ahora
$ 15.853","$ 13.588,2",ALPINA,"(gr a $ 52,84)",28
Queso Holandia centurión tajado x 150 g,/queso-holandia-centurion-tajado-x-150-g/p,"Precio Regular
$ 15.790","Ahorra
Precio Ahora
$ 11.053",$ 9.474,MARCA BLANCA,"(gr a $ 73,69)",28
Queso ibanez oveja x200g,/queso-ibanez-oveja-x200g/p,"Precio Regular
$ 29.990","Ahorra
Precio Ahora
$ 20.993",$ 17.994,IBANEZ,"(gr a $ 104,97)",28
Queso iberico curado Rocinante cuna x 150 g,/queso-iberico-curado-rocinante-cuna-x-150-g/p,"Precio Regular
$ 24.190","Ahorra
Precio Ahora
$ 16.933",$ 14.514,PREMIUM CHOICE,"(gr a $ 112,89)",28
Queso Iberico Manchepok trozo x 200g,/queso-iberico-manchepok-torta-x-4-kg/p,"Precio Regular
$ 25.998","Ahorra
Precio Ahora
$ 18.199","$ 15.598,8",CENTURION FOODS,(gr a $ 91),28
Queso Ile de france brie blue x 125g,/queso-ile-de-france-brie-blue-x-125g/p,"Precio Regular
$ 29.590","Ahorra
Precio Ahora
$ 20.713",$ 17.754,CENCOSUD,,28
Queso ile de France Brie x 125 g,/queso-ile-de-france-brie-x-125-g/p,"Precio Regular
$ 28.990","Ahorra
Precio Ahora
$ 20.293",$ 17.394,ILE DE FRANCE,"(gr a $ 162,34)",28
Queso Ile De France Camembert x 125g,/queso-ile-de-france-camembert-x-125g/p,"Precio Regular
$ 28.990","Ahorra
Precio Ahora
$ 20.293",$ 17.394,ILE DE FRANCE,"(gr a $ 162,34)",29
Queso ile de france charmidor x150g,/queso-ile-de-france-charmidor-x150g/p,"Precio Regular
$ 26.990","Ahorra
Precio Ahora
$ 18.893",$ 16.194,ILE DE FRANCE,"(gr a $ 125,95)",29
Queso ile de France Mini Brie x 5 und x 25 g,/queso-ile-de-france-mini-brie-x-5-und-x-25-g/p,"Precio Regular
$ 25.990","Ahorra
Precio Ahora
$ 18.193",$ 15.594,CENCOSUD,,29
Queso Importado Colby Jack Chesse Centurion Pemium x 150g,/queso-importado-colby-jack-chesse-centurion-pemium-x-150g/p,"Precio Regular
$ 15.590","Ahorra
Precio Ahora
$ 10.913",$ 9.354,MARCA BLANCA,"(gr a $ 72,75)",29
Queso importado muenster chesse centurion pemiumx 150 g,/queso-importado-muenster-chesse-centurion-pemiumx-150-g/p,"Precio Regular
$ 15.390","Ahorra
Precio Ahora
$ 10.773",$ 9.234,MARCA BLANCA,"(gr a $ 71,82)",29
Queso importado pepper jack chesse centurion pemium x 150g,/queso-importado-pepper-jack-chesse-centurion-pemium-x-150g/p,"Precio Regular
$ 15.590","Ahorra
Precio Ahora
$ 10.913",$ 9.354,MARCA BLANCA,"(gr a $ 72,75)",29
Queso Importado Smoked Gouda Cheese Centurion Pemium x 150 g,/queso-importado-smoked-gouda-cheese-centurion-pemium-x-150-g/p,"Precio Regular
$ 14.990","Ahorra
Precio Ahora
$ 10.493",$ 8.994,MARCA BLANCA,"(gr a $ 69,95)",29
Queso Importado Swiss Cheese Centurion Premium x 150g,/queso-importado-swiss-cheese-centurion-pemium-x-150g/p,"Precio Regular
$ 15.590","Ahorra
Precio Ahora
$ 10.913",$ 9.354,MARCA BLANCA,"(gr a $ 72,75)",29
Queso la abuela amelia tres leches x150g,/queso-la-abuela-amelia-tres-leches-x150g/p,"Precio Regular
$ 22.590","Ahorra
Precio Ahora
$ 15.813",$ 13.554,LA ABUELA AMELIA,"(gr a $ 105,42)",29
Queso la fuente cabra capricho finas hierbas x145g,/queso-la-fuente-cabra-capricho-finas-hierbas-x145g/p,"Precio Regular
$ 24.490","Ahorra
Precio Ahora
$ 17.143",$ 14.694,LA FUENTE,"(gr a $ 118,23)",29
Queso la fuente cabra capricho pimienta x145g,/queso-la-fuente-cabra-capricho-pimienta-x145g/p,"Precio Regular
$ 28.390","Ahorra
Precio Ahora
$ 19.873",$ 17.034,LA FUENTE,"(gr a $ 137,06)",29
Queso Lacto life Mozzarella Bocconcini x 300 g,/queso-lacto-life-mozzarella-bocconcini-x-300-g/p,"Precio Regular
$ 17.590","Ahorra
Precio Ahora
$ 12.313",$ 10.554,LACTOLIFE,"(gr a $ 41,04)",29
Queso légere mussig & mild fol epi,/queso-legere-mussig-mild-fol-epi/p,"Precio Regular
$ 36.990","Ahorra
Precio Ahora
$ 25.893",$ 22.194,PREMIUM CHOICE,"(gr a $ 172,62)",30
Queso machego Maese miguel 12 meses cuna x 150 g,/queso-machego-maese-miguel-12-meses-cuna-x-150-g/p,"Precio Regular
$ 31.690","Ahorra
Precio Ahora
$ 22.183",$ 19.014,PREMIUM CHOICE,"(gr a $ 147,89)",30
Queso Maese miguel manchego 3 meses cuna x 150 g,/queso-maese-miguel-manchego-3-meses-cuna-150g/p,"Precio Regular
$ 29.590","Ahorra
Precio Ahora
$ 20.713",$ 17.754,PREMIUM CHOICE,"(gr a $ 138,09)",30
Queso Manchego Centurion trozo x 200g,/queso-manchego-cheese-garcia-baquerox-300g/p,"Precio Regular
$ 30.198","Ahorra
Precio Ahora
$ 21.139","$ 18.118,8",CENCOSUD,,30
Queso manchego Maese miguel 6 meses cuna x 150 g,/queso-manchego-maese-miguel-6-meses-cuna-x-150-g/p,"Precio Regular
$ 30.590","Ahorra
Precio Ahora
$ 21.413",$ 18.354,PREMIUM CHOICE,"(gr a $ 142,75)",30
Queso Mascarpone Delizie Italiane x 200g,/queso-mascarpone-delizie-italiane-x-200g/p,"Precio Regular
$ 13.990","Ahorra
Precio Ahora
$ 9.793",$ 8.394,CENCOSUD,,30
Queso Mascarpone Premium Choice x 227 g,/queso-mascarpone-premium-choice-x-227-g/p,"Precio Regular
$ 35.990","Ahorra
Precio Ahora
$ 25.193",$ 21.594,PREMIUM CHOICE,"(gr a $ 110,98)",30
Queso Mini Babybel x 6 und x 120 g,/queso-mini-babybel-x-6-und-x-120-g/p,"Precio Regular
$ 21.990","Ahorra
Precio Ahora
$ 15.393",$ 13.194,PREMIUM CHOICE,"(gr a $ 128,28)",30
Queso Monterrey Jack trozo x 180g,/queso-monterrey-jack-x-180g/p,"Precio Regular
$ 10.888,2","Ahorra
Precio Ahora
$ 7.622,2","$ 6.532,92",COLANTA,"(gr a $ 42,35)",30
Queso mozzarella Delizie Italiane x 125g,/queso-mozzarella-delizie-italiane-x-125g/p,"Precio Regular
$ 6.090","Ahorra
Precio Ahora
$ 4.263",$ 3.654,CENCOSUD,,30
Queso Muenster cheese Centurion trozo x 200g,/queso-muenster-cheese-centurion-x-300g/p,"Precio Regular
$ 20.677,8","Ahorra
Precio Ahora
$ 14.474,8","$ 12.406,6",CENCOSUD,,30
Queso Paipa Redondo x500g,/queso-paipa-redondo-x-400-g/p,"Precio Regular
$ 20.995","Ahorra
Precio Ahora
$ 14.696",$ 12.597,CENCOSUD,,30
Queso Papialpa Asar trozo x200g,/queso-papialpa-asar-colacteos-x-500-g/p,"Precio Regular
$ 10.598","Ahorra
Precio Ahora
$ 7.419","$ 6.358,8",COLACTEOS,"(gr a $ 37,1)",31
Queso parmesano rallado Lacto Life x 100g,/queso-lacto-life-parmesano-rallado-x-100g/p,"Precio Regular
$ 8.390","Ahorra
Precio Ahora
$ 5.873",$ 5.034,LACTOLIFE,"(gr a $ 58,73)",31
Queso Pecorino Cuna Colanta x 200g,/queso-pecorino-cuna-colanta-x-200g/p,"Precio Regular
$ 15.490","Ahorra
Precio Ahora
$ 10.843",$ 9.294,COLANTA,"(gr a $ 54,22)",31
Queso pecorino maduro cerdena Sardaformaggi x1kg,/queso-sardaformaggi-pecorino-maduro-cerdena-xkg/p,"Precio Regular
$ 191.389","Ahorra
Precio Ahora
$ 133.972",$ 114.833,SARDAFORMAGGI,,31
Queso pecorino Sardaformaggi romano x200g,/queso-sardaformaggi-pecorino-romano-x200g/p,"Precio Regular
$ 40.990","Ahorra
Precio Ahora
$ 28.693",$ 24.594,SARDAFORMAGGI,,31
Queso Pepper Jack centurión premium bloque x 2.3 kg,/pepper-jack-centurion-premium-bloque-x-2-3-kg/p,"Precio Regular
$ 87.990","Ahorra
Precio Ahora
$ 61.593",$ 52.794,CENCOSUD,,31
Queso President emmental taj x 200g,/queso-president-emmental-taj-x-200g/p,"Precio Regular
$ 8.590","Ahorra
Precio Ahora
$ 6.013",$ 5.154,PRESIDENT,"(gr a $ 30,07)",31
Queso President mozzarella tajado x 10 unidades x 200g,/queso-president-mozzarella-tajado-x-10-und-x-200-g/p,"Precio Regular
$ 11.690","Ahorra
Precio Ahora
$ 8.183",$ 7.014,PRESIDENT,"(gr a $ 40,92)",31
Queso Prime cheese pera tajado x 900g,/queso-prime-cheese-pera-tajado-x-900g/p,"Precio Regular
$ 27.550","Ahorra
Precio Ahora
$ 19.285",$ 16.530,PRIME CHEESE,"(gr a $ 21,43)",31
Queso proveletta ahumada y natural Delizie Italiane x 3 unidades,/queso-proveletta-ahumada-y-natural-delizie-italiane-x-3-unds/p,"Precio Regular
$ 17.890","Ahorra
Precio Ahora
$ 12.523",$ 10.734,LACTOLIFE,"(un a $ 4.174,33)",31
Queso provolone Alpina x 170g,/queso-porvolone-alpina-x-170g/p,"Precio Regular
$ 16.998,3","Ahorra
Precio Ahora
$ 11.899,3","$ 10.198,98",CENCOSUD,,31
Queso Provolone trozo x180g,/queso-provolene-colanta-x-150g/p,"Precio Regular
$ 17.386,2","Ahorra
Precio Ahora
$ 12.170,2","$ 10.431,72",COLANTA,"(gr a $ 67,61)",31
Queso Ricotta delizie italiane x 200g,/queso-ricotta-delizie-italiane-x-200g/p,"Precio Regular
$ 5.247","Ahorra
Precio Ahora
$ 3.673","$ 3.148,2",LACTOLIFE,"(gr a $ 18,37)",32
Queso Roast beef Catalan x 330g,/queso-roast-beef-catalan-x-330g/p,"Precio Regular
$ 36.790","Ahorra
Precio Ahora
$ 25.753",$ 22.074,CATALAN,"(gr a $ 78,04)",32
Queso sabana Alpina Trozo x 500g,/queso-sabana-alpina-x-500g/p,"Precio Regular
$ 34.245","Ahorra
Precio Ahora
$ 23.971",$ 20.547,ALPINA,"(gr a $ 47,94)",32
Queso sardaformaggi ricotta oveja rustichella xkg,/queso-sardaformaggi-ricotta-oveja-rustichella-xkg/p,"Precio Regular
$ 114.389","Ahorra
Precio Ahora
$ 80.072",$ 68.633,SARDAFORMAGGI,,32
Queso semimaduro feta cheese trozo x 210 g,/queso-semimaduro-feta-cheese-x-210-g/p,"Precio Regular
$ 22.887,9","Ahorra
Precio Ahora
$ 16.021,9","$ 13.732,74",CENTURION FOODS,"(gr a $ 76,29)",32
Queso Serra Do Alvelhe vaca oveja curados x460g,/queso-serra-do-alvelhe-vaca-oveja-curados-x460g/p,"Precio Regular
$ 63.990","Ahorra
Precio Ahora
$ 44.793",$ 38.394,SERRA DO ALVELHE,,32
Queso tapioca Colacteos x 500g,/queso-tapioca-colacteos-x-500-g/p,"Precio Regular
$ 17.975","Ahorra
Precio Ahora
$ 12.582",$ 10.785,COLACTEOS,"(gr a $ 25,16)",32
Queso Tilsit cuna Colanta x200g,/queso-tilsit-cuna-colanta-x-500-g/p,"Precio Regular
$ 16.800","Ahorra
Precio Ahora
$ 11.760",$ 10.080,COLANTA,"(gr a $ 58,8)",32
Queso Tilsit Finas Hierbas Alpina Cuña x180g,/queso-alpina-tilsit-finas-hierbas-cuna-x180g/p,"Precio Regular
$ 17.690","Ahorra
Precio Ahora
$ 12.383",$ 10.614,ALPINA,"(gr a $ 68,79)",32
Queso Tilsit Finas Hierbas Cuña Alpina x250g,/queso-alpina-tilsit-finas-hierbas-cuna-x-250-g/p,"Precio Regular
$ 22.990","Ahorra
Precio Ahora
$ 16.093",$ 13.794,ALPINA,"(gr a $ 64,37)",32
Queso Tofu firm x 349g,/queso-tofu-firm-x-349g/p,"Precio Regular
$ 20.990","Ahorra
Precio Ahora
$ 14.693",$ 12.594,MORINAGA,"(gr a $ 42,1)",32
Queso Tofu silken extra firm x 349g,/queso-tofu-silken-extra-firm-x-349g/p,"Precio Regular
$ 20.990","Ahorra
Precio Ahora
$ 14.693",$ 12.594,MORINAGA,"(gr a $ 42,1)",32
Ravioli de carne Ulas,/ravioli-de-carne-ulas/p,"Precio Regular
$ 22.850","Ahorra
Precio Ahora
$ 15.995",$ 13.710,ULA´S,"(gr a $ 31,99)",33
Ravioli de Pollo Ulas,/ravioli-de-pollo-ulas/p,"Precio Regular
$ 22.850","Ahorra
Precio Ahora
$ 15.995",$ 13.710,CENCOSUD,,33
Ravioli de queso Ulas,/ravioli-de-queso-ulas/p,"Precio Regular
$ 23.390","Ahorra
Precio Ahora
$ 16.373",$ 14.034,CENCOSUD,,33
Raviolis pollo champiñón x500g,/raviolis-pollo-champinon-x-500g/p,"Precio Regular
$ 21.690","Ahorra
Precio Ahora
$ 15.183",$ 13.014,CENCOSUD,,33
Roast beef Parisienne x 500g,/roast-beef-parisienne-x-500-g/p,"Precio Regular
$ 42.894,5","Ahorra
Precio Ahora
$ 30.026,5","$ 25.736,5",CENCOSUD,,33
Rollo de pavo Ahumado trozo x250g,/rollo-de-pavo-ahumado-x-1-9-kg/p,"Precio Regular
$ 35.747,25","Ahorra
Precio Ahora
$ 25.023,25","$ 21.448,25",DELIPAVO,"(gr a $ 100,09)",33
Rulo El Pastor cabra natural x110g,/rulo-el-pastor-cabra-natural-x110g-3463235/p,"Precio Regular
$ 20.590","Ahorra
Precio Ahora
$ 14.413",$ 12.354,EL PASTOR,,33
Rulo El Pastor cabra pimienta x110g,/rulo-el-pastor-cabra-pimienta-x110g-3463236/p,"Precio Regular
$ 20.590","Ahorra
Precio Ahora
$ 14.413",$ 12.354,EL PASTOR,"(gr a $ 131,03)",33
Salami Casablanca alemán x80g,/salami-casablanca-aleman-x80g/p,"Precio Regular
$ 8.790","Ahorra
Precio Ahora
$ 6.153",$ 5.274,CASABLANCA,,33
Salami Casablanca madurado x80g,/salami-casablanca-madurado-x80g/p,"Precio Regular
$ 8.790","Ahorra
Precio Ahora
$ 6.153",$ 5.274,CASABLANCA,,33
Salami la factoria finas hierbas barra,/salami-la-factoria-finas-hierbas-barra/p,"Precio Regular
$ 121.990","Ahorra
Precio Ahora
$ 85.393",$ 73.194,LA FACTORIA,"(gr a $ 853,93)",33
Salami La Factoria Gourmet finas hierbas x100g,/salami-la-factoria-gourmet-finas-hierbas-x100g-3463223/p,"Precio Regular
$ 18.490","Ahorra
Precio Ahora
$ 12.943",$ 11.094,LA FACTORIA GOURMET,"(gr a $ 129,43)",33
Salami La Factoria Gourmet Milano x60g,/salami-la-factoria-gourmet-milano-x60g-3463230/p,"Precio Regular
$ 8.590","Ahorra
Precio Ahora
$ 6.013",$ 5.154,LA FACTORIA GOURMET,"(gr a $ 100,22)",34
Salami La Factoria Gourmet Napoli x60g,/salami-la-factoria-gourmet-napoli-x60g-3463229/p,"Precio Regular
$ 8.790","Ahorra
Precio Ahora
$ 6.153",$ 5.274,LA FACTORIA GOURMET,"(gr a $ 102,55)",34
Salami La Factoria Gourmet pimienta x100g,/salami-la-factoria-gourmet-pimienta-x100g-3463224/p,"Precio Regular
$ 18.490","Ahorra
Precio Ahora
$ 12.943",$ 11.094,LA FACTORIA GOURMET,"(gr a $ 129,43)",34
Salami la factoria pimienta barra,/salami-la-factoria-pimienta-barra/p,"Precio Regular
$ 121.990","Ahorra
Precio Ahora
$ 85.393",$ 73.194,LA FACTORIA,"(gr a $ 853,93)",34
Salami la parisienne x 150g,/salami-la-parisienne-x-150g/p,"Precio Regular
$ 17.590","Ahorra
Precio Ahora
$ 12.313",$ 10.554,LA PARISIENNE,"(gr a $ 82,09)",34
Salami milano la factoría x 100g,/salami-milano-la-factoria-x-100g/p,"Precio Regular
$ 16.390","Ahorra
Precio Ahora
$ 11.473",$ 9.834,LA FACTORIA,"(gr a $ 114,73)",34
Salami mini a la pimienta verde Moncasa x 250g,/salami-moncasa-mini-a-la-pimienta-verde-x250g/p,"Precio Regular
$ 49.390","Ahorra
Precio Ahora
$ 34.573",$ 29.634,MONCASA,"(gr a $ 138,29)",34
Salami mini Moncasa x 250g,/salami-moncasa-mini-x250g/p,"Precio Regular
$ 36.790","Ahorra
Precio Ahora
$ 25.753",$ 22.074,MONCASA,"(gr a $ 103,01)",34
Salami Monticello de cerdo x 80 g,/salami-monticello-cerdo-x-80-g/p,,$ 16.590,,MONTICELLO,"(gr a $ 207,38)",34
Salami napoli x 100g,/salami-napoli-x100g/p,"Precio Regular
$ 16.390","Ahorra
Precio Ahora
$ 11.473",$ 9.834,LA FACTORIA,"(gr a $ 114,73)",34
Salami picante barra x 70g,/salami-picante-barra-x-1-kg/p,"Precio Regular
$ 10.009,23","Ahorra
Precio Ahora
$ 7.006,23","$ 6.005,51",DINARDI,"(gr a $ 100,09)",34
Salami Picante Sobre X 70 g,/salami-picante-sobre-x-70-g/p,"Precio Regular
$ 14.290","Ahorra
Precio Ahora
$ 10.003",$ 8.574,DINARDI,"(gr a $ 142,9)",34
Salami selva negra Koller x 500 g,/salami-selva-negra-koller-x-500-g/p,"Precio Regular
$ 90.194,5","Ahorra
Precio Ahora
$ 63.136,5","$ 54.116,5",KOLLER,,35
Salami tipo italiano Vilaseca x 125g,/salami-tipo-italiano-vilaseca-x-125g/p,"Precio Regular
$ 17.590","Ahorra
Precio Ahora
$ 12.313",$ 10.554,VILASECA,"(gr a $ 98,5)",35
Salami vilaseca italiano x80g,/salami-vilaseca-italiano-x80g/p,"Precio Regular
$ 9.390","Ahorra
Precio Ahora
$ 6.573",$ 5.634,VILASECA,"(gr a $ 82,16)",35
Salami vilaseca tipo vic x80g,/salami-vilaseca-tipo-vic-x80g/p,"Precio Regular
$ 9.790","Ahorra
Precio Ahora
$ 6.853",$ 5.874,VILASECA,"(gr a $ 85,66)",35
Salchicha alemana La Parisienne x500g,/salchicha-la-parisienne-alemana-x500g/p,"Precio Regular
$ 17.990","Ahorra
Precio Ahora
$ 12.593",$ 10.794,LA PARISIENNE,,35
Salchicha Casablanca alemana x270g,/salchicha-casablanca-alemana-x270g/p,"Precio Regular
$ 12.590","Ahorra
Precio Ahora
$ 8.813",$ 7.554,CASABLANCA,,35
Salchicha Catalán Berlinesa x 300g,/salchicha-catalan-berlinesa-x-300-g/p,"Precio Regular
$ 19.590","Ahorra
Precio Ahora
$ 13.713",$ 11.754,CATALAN,"(gr a $ 45,71)",35
Salchicha Catalán de cerdo Berlinesa mini x 300g,/salchicha-cerdo-catalan-berlinesa-mini-x-300g/p,"Precio Regular
$ 15.790","Ahorra
Precio Ahora
$ 11.053",$ 9.474,CATALAN,"(gr a $ 36,84)",35
Salchicha Catalán frankfurt de cerdo x 300g,/salchicha-catalan-frankfurt-cerdo-x300g/p,"Precio Regular
$ 23.090","Ahorra
Precio Ahora
$ 16.163",$ 13.854,CATALAN,"(gr a $ 53,88)",35
Salchicha celofan Koller x 200g,/salchicha-celofan-koller-x-190-g/p,"Precio Regular
$ 48.389","Ahorra
Precio Ahora
$ 33.872",$ 29.033,CENCOSUD,,35
Salchicha chipolata Koller x 500 g,/salchicha-chipolata-koller-x-500-g/p,"Precio Regular
$ 72.589","Ahorra
Precio Ahora
$ 50.812",$ 43.553,KOLLER,"(gr a $ 101,62)",35
Salchicha cóctel x 240 g,/salchicha-coctel-x-240-g/p,"Precio Regular
$ 14.397,6","Ahorra
Precio Ahora
$ 10.078,6","$ 8.638,56",KOLLER,"(gr a $ 41,99)",35
Salchicha de Pavo Con Grasa Vegetal x 220g,/salchicha-de-pavo-con-grasa-vegetal-x-220-g/p,"Precio Regular
$ 22.490","Ahorra
Precio Ahora
$ 15.743",$ 13.494,DELIPAVO,,36
Salchicha de pavo Delipavo tipo coctel x250g,/salchicha-de-pavo-tipo-coctel/p,"Precio Regular
$ 21.990","Ahorra
Precio Ahora
$ 15.393",$ 13.194,DELIPAVO,,36
Salchicha de Pavo Italiana paquete x 500g,/paq-de-salchicha-de-pavo-italiana-x-500-g/p,"Precio Regular
$ 54.994,5","Ahorra
Precio Ahora
$ 38.496,5","$ 32.996,5",DELIPAVO,"(gr a $ 76,99)",36
Salchicha de pollo koller x 190g,/salchicha-de-pollo-koller-x-190-g/p,"Precio Regular
$ 8.357,91","Ahorra
Precio Ahora
$ 5.850,91","$ 5.014,67",KOLLER,"(gr a $ 30,79)",36
Salchicha de Res Koller x 200g,/salchicha-de-res-koller-x-200g/p,"Precio Regular
$ 13.197,8","Ahorra
Precio Ahora
$ 9.238,8","$ 7.918,6",KOLLER,"(gr a $ 46,19)",36
Salchicha de ternera La Parisienne x300g,/salchicha-la-parisienne-ternera-x300g/p,"Precio Regular
$ 15.590","Ahorra
Precio Ahora
$ 10.913",$ 9.354,LA PARISIENNE,,36
Salchicha dinardi alemana xkg,/salchicha-dinardi-alemana-xkg/p,"Precio Regular
$ 76.989","Ahorra
Precio Ahora
$ 53.892",$ 46.193,DI NARDI,"(gr a $ 224,55)",36
Salchicha especial de cerdo Koller x 240 g,/salchicha-especial-de-cerdo-koller-x-240-g/p,"Precio Regular
$ 15.309,36","Ahorra
Precio Ahora
$ 10.716,36","$ 9.185,52",KOLLER,"(gr a $ 44,65)",36
Salchicha Frankfurt La Parisienne x500g,/salchicha-la-parisienne-frankfurt-x500g/p,"Precio Regular
$ 22.590","Ahorra
Precio Ahora
$ 15.813",$ 13.554,LA PARISIENNE,,36
Salchicha Servelat Koller x 210g,/salchicha-servelat-koller-x-210-g/p,"Precio Regular
$ 10.917,9","Ahorra
Precio Ahora
$ 7.642,9","$ 6.550,74",KOLLER,"(gr a $ 36,39)",36
Salchicha suiza La Parisienne x500g,/salchicha-la-parisienne-suiza-x500g/p,"Precio Regular
$ 18.990","Ahorra
Precio Ahora
$ 13.293",$ 11.394,LA PARISIENNE,,36
Salchicha suizas Delipavo de pavo a las finas hierbas tipo cóctel x250g,/suizas-de-pavo-tipo-coctel/p,"Precio Regular
$ 26.890","Ahorra
Precio Ahora
$ 18.823",$ 16.134,DELIPAVO,,36
Salchicha Supercelofan Koller x 620g,/salchicha-supercelofan-koller-x-620-g/p,"Precio Regular
$ 28.513,8","Ahorra
Precio Ahora
$ 19.959,8","$ 17.108,28",KOLLER,"(gr a $ 32,19)",37
Salchicha Tipo Alemana Zenú x 360g,/salchicha-tipo-alemana-zenu-x-360-g/p,"Precio Regular
$ 19.990","Ahorra
Precio Ahora
$ 13.993",$ 11.994,CENCOSUD,,37
Salchicha vilaseca alemana x450g,/salchicha-vilaseca-alemana-x450g/p,"Precio Regular
$ 38.790","Ahorra
Precio Ahora
$ 27.153",$ 23.274,VILASECA,(un a $ 9.051),37
Salchicha vilaseca ternera x300g,/salchicha-vilaseca-ternera-x300g/p,"Precio Regular
$ 27.590","Ahorra
Precio Ahora
$ 19.313",$ 16.554,VILASECA,"(un a $ 6.437,67)",37
Salchichas Delipavo de Pavo x 250g,/salchichas-de-pavo-x-250-g-delipavo/p,"Precio Regular
$ 28.590","Ahorra
Precio Ahora
$ 20.013",$ 17.154,DELIPAVO,,37
salchichas suizas Koller x 470 g,/salchichas-suizas-koller-x-470-g/p,"Precio Regular
$ 24.952,3","Ahorra
Precio Ahora
$ 17.466,3","$ 14.971,38",KOLLER,"(gr a $ 37,16)",37
Salchichas vienas Koller x 180g,/salchichas-vienas-koller-x-250g/p,"Precio Regular
$ 11.878,02","Ahorra
Precio Ahora
$ 8.315,02","$ 7.126,74",KOLLER,"(gr a $ 33,26)",37
Salchichón Ibañez español tipo salami x 80 g,/salchichon-ibanez-espanol-tipo-salami-x-80-g/p,"Precio Regular
$ 16.790","Ahorra
Precio Ahora
$ 11.753",$ 10.074,IBANEZ,"(gr a $ 146,91)",37
Salchichón La Abuela Amelia extra pimienta x 60g,/salchichon-la-abuela-amelia-extra-pimienta-x-60g/p,"Precio Regular
$ 11.190","Ahorra
Precio Ahora
$ 7.833",$ 6.714,LA ABUELA AMELIA,"(gr a $ 130,55)",37
Salchichón La Factoria Gourmet Ibérico bellota x80g,/salchichon-la-factoria-gourmet-iberico-bellotax80g-3463232/p,"Precio Regular
$ 18.890","Ahorra
Precio Ahora
$ 13.223",$ 11.334,LA FACTORIA GOURMET,"(gr a $ 165,29)",37
Salsa appennino food tartufata x80g,/salsa-appennino-food-tartufata-x80g/p,"Precio Regular
$ 75.990","Ahorra
Precio Ahora
$ 53.193",$ 45.594,APPENNINO FOOD,,37
Salsa Bolognesa Ulas x 250 g,/salsa-bolognesa-ulas-x-250-g/p,"Precio Regular
$ 8.890","Ahorra
Precio Ahora
$ 6.223",$ 5.334,ULA´S,"(gr a $ 24,89)",37
Salsa Cheika tahine de berenjena x 250 g,/salsa-cheikatahine-de-berenjena-x-250-g/p,"Precio Regular
$ 16.190","Ahorra
Precio Ahora
$ 11.333",$ 9.714,ULA´S,"(gr a $ 45,33)",38
Salsa Cheika tahine garbanzo- humus x 250g,/salsa-cheika-tahine-garbanzo-humus-x-250-g/p,"Precio Regular
$ 15.250","Ahorra
Precio Ahora
$ 10.675",$ 9.150,CENCOSUD,,38
Salsa de ciruela Ulas x 250 g,/salsa-de-ciruela-ulas-x-250-g/p,"Precio Regular
$ 13.990","Ahorra
Precio Ahora
$ 9.793",$ 8.394,ULA´S,"(gr a $ 39,17)",38
Salsa de manzana Ula's x 250g,/salsa-de-manzana-ulas-x-250-g/p,"Precio Regular
$ 13.990","Ahorra
Precio Ahora
$ 9.793",$ 8.394,ULA´S,"(gr a $ 39,17)",38
Salsa de pesto Cheika x 250g,/salsa-de-pesto-cheika-x-250-g/p,"Precio Regular
$ 16.690","Ahorra
Precio Ahora
$ 11.683",$ 10.014,CENCOSUD,,38
Salsa de piña Ula's x 250g,/salsa-de-pina-ulas-x-250-g/p,"Precio Regular
$ 13.990","Ahorra
Precio Ahora
$ 9.793",$ 8.394,ULA´S,"(gr a $ 39,17)",38
Salsa Monari napolitana x 250 g,/salsa-monari-napolitana-x250g/p,"Precio Regular
$ 8.190","Ahorra
Precio Ahora
$ 5.733",$ 4.914,CENCOSUD,,38
Tabla Casablanca mix madurados x120g,/tabla-casablanca-mix-madurados-x120g/p,"Precio Regular
$ 20.990","Ahorra
Precio Ahora
$ 14.693",$ 12.594,CASABLANCA,,38
Tabla de quesos económica x 6 porciones,/tabla-de-quesos-economica-x-6-porciones/p,"Precio Regular
$ 52.740","Ahorra
Precio Ahora
$ 36.918",$ 31.644,PLATOS PREPARADOS,"(gr a $ 61,53)",38
Tabla de quesos española x 6 porciones,/tabla-de-quesos-espanola-x-6-porciones/p,"Precio Regular
$ 141.540","Ahorra
Precio Ahora
$ 99.078",$ 84.924,PLATOS PREPARADOS,"(gr a $ 165,13)",38
Tabla La Factoria Gourmet madurados x300g,/tabla-la-factoria-gourmet-madurados-x300g-3463238/p,"Precio Regular
$ 53.990","Ahorra
Precio Ahora
$ 37.793",$ 32.394,LA FACTORIA GOURMET,,38
Tabla quesos especial x 6 porciones,/tabla-quesos-precio-por-6-porciones-especial/p,"Precio Regular
$ 111.540","Ahorra
Precio Ahora
$ 78.078",$ 66.924,PLATOS PREPARADOS,"(gr a $ 780,78)",38
Tabla quesos nacional x 6 porciones,/tabla-quesos-precio-por-6-porciones-nacional/p,"Precio Regular
$ 77.940","Ahorra
Precio Ahora
$ 54.558",$ 46.764,PLATOS PREPARADOS,"(gr a $ 545,58)",39
Tapa Española La Factoría Gourmet x 120g,/tapa-espanola-la-factoria-gourmet-x-120g/p,"Precio Regular
$ 37.790","Ahorra
Precio Ahora
$ 26.453",$ 22.674,LA FACTORIA,"(gr a $ 220,44)",39
Tapa la factoria gourmet espanola x150g,/tapa-la-factoria-gourmet-espanola-x150g/p,"Precio Regular
$ 37.790","Ahorra
Precio Ahora
$ 26.453",$ 22.674,LA FACTORIA,,39
Tapa la factoria gourmet espanola x250g,/tapa-la-factoria-gourmet-espanola-x250g/p,"Precio Regular
$ 53.990","Ahorra
Precio Ahora
$ 37.793",$ 32.394,LA FACTORIA,,39
Tapeo de chorizo la factoría gourmet x 120g,/tapeo-de-chorizo-la-factoria-gourmet-x-120g/p,"Precio Regular
$ 22.090","Ahorra
Precio Ahora
$ 15.463",$ 13.254,LA FACTORIA,"(gr a $ 128,86)",39
Tocineta ahumada monari bologna Ulas x 250g,/tocineta-ahumada-monari-bologna-ulas-x-250g/p,"Precio Regular
$ 8.890","Ahorra
Precio Ahora
$ 6.223",$ 5.334,ULA´S,"(gr a $ 24,89)",39
Tocineta ahumada picada Koller x 250g,/tocineta-ahumada-picada-koller-x-500g/p,"Precio Regular
$ 18.872,5","Ahorra
Precio Ahora
$ 13.210,5","$ 11.323,5",KOLLER,"(gr a $ 52,84)",39
Tocineta ahumada premium di nardi x 250g,/tocineta-ahumada-premium-di-nardi-x-300g/p,"Precio Regular
$ 22.547,25","Ahorra
Precio Ahora
$ 15.783,25","$ 13.528,25",DINARDI,"(gr a $ 63,13)",39
Tocineta ahumada tajada Koller x 200 g,/tocineta-ahumada-tajada-koller-x-200-g/p,"Precio Regular
$ 16.738","Ahorra
Precio Ahora
$ 11.717","$ 10.042,8",KOLLER,"(gr a $ 58,59)",39
Tocineta al vacío x 250g colanta,/tocineta-al-vacio-x-250g-colanta/p,,$ 12.990,,MONTEFRIO,"(gr a $ 51,96)",39
Tocineta económica ahumada x125g,/tocineta-economica-ahumada-x-125g/p,"Precio Regular
$ 7.590","Ahorra
Precio Ahora
$ 5.313",$ 4.554,CERVALLE,,39
Tocineta Moncasa x 100g,/tocineta-moncasa-x100g/p,"Precio Regular
$ 30.590","Ahorra
Precio Ahora
$ 21.413",$ 18.354,MONCASA,"(gr a $ 214,13)",39
Tocineta tajada ahumada parisiene x 300 g,/tocineta-tajada-ahumada-parisiene-x-300-g/p,"Precio Regular
$ 23.756,7","Ahorra
Precio Ahora
$ 16.629,7","$ 14.253,9",CENCOSUD,,40
Tocineta Vilaseca x 250g,/tocineta-x-250-g-vilaseca/p,"Precio Regular
$ 31.990","Ahorra
Precio Ahora
$ 22.393",$ 19.194,MARCA BLANCA,"(gr a $ 89,57)",40
Tofu a la española x 250g Apetei,/tofu-apetei-a-la-espanola-x-250g/p,"Precio Regular
$ 11.790","Ahorra
Precio Ahora
$ 8.253",$ 7.074,APETEI,,40
Tofu a la italiana x 250g Apetei,/tofu-apetei-a-la-italiana-x-250g/p,"Precio Regular
$ 11.790","Ahorra
Precio Ahora
$ 8.253",$ 7.074,APETEI,,40
Tofu burger x2und x200g Apetei,/tofu-apetei-burger-x2und-x200g/p,"Precio Regular
$ 10.290","Ahorra
Precio Ahora
$ 7.203",$ 6.174,APETEI,,40
Tofu jalapeño x 250g Apetei,/tofu-apetei-jalapeno-x-250g/p,"Precio Regular
$ 11.190","Ahorra
Precio Ahora
$ 7.833",$ 6.714,APETEI,,40
Tofu natural x 250g Apetei,/tofu-apetei-natural-x-250g/p,"Precio Regular
$ 10.990","Ahorra
Precio Ahora
$ 7.693",$ 6.594,APETEI,,40
Tofu natural x 400g Apetei,/tofu-apetei-natural-x-400g/p,"Precio Regular
$ 16.390","Ahorra
Precio Ahora
$ 11.473",$ 9.834,APETEI,,40
Tofu sabor queso x 250g Apetei,/tofu-apetei-sabor-queso-x-250g/p,"Precio Regular
$ 11.790","Ahorra
Precio Ahora
$ 8.253",$ 7.074,APETEI,,40
Tofu verduras x 250g Apetei,/tofu-apetei-verduras-x-250g/p,"Precio Regular
$ 11.790","Ahorra
Precio Ahora
$ 8.253",$ 7.074,APETEI,,40
Tomate a la florentina Ulas x 250 g,/tomate-a-la-florentina-ulas-x-250-g/p,"Precio Regular
$ 26.890","Ahorra
Precio Ahora
$ 18.823",$ 16.134,CENCOSUD,,40
Tomate a la florentina Ulas x 500g,/tomate-a-la-florentina-ulas-x-500g/p,"Precio Regular
$ 53.590","Ahorra
Precio Ahora
$ 37.513",$ 32.154,CENCOSUD,,40
Tomates asados il Grilliatore x240g,/tomates-il-grilliatore-asados-x240g/p,"Precio Regular
$ 30.990","Ahorra
Precio Ahora
$ 21.693",$ 18.594,IL GRILLIATORE,,41
Tomates Cheika secos en aceite de oliva x 250g,/tomates-cheika-secos-en-aceite-de-oliva-x-250g/p,"Precio Regular
$ 26.690","Ahorra
Precio Ahora
$ 18.683",$ 16.014,ULA´S,"(gr a $ 74,73)",41
Tomates La Factoria Gourmet secos x100g,/tomates-la-factoria-gourmet-secos-x100g-3463234/p,"Precio Regular
$ 17.890","Ahorra
Precio Ahora
$ 12.523",$ 10.734,LA FACTORIA GOURMET,"(gr a $ 125,23)",41
Tomates la spezia secos albahaca oregano x220g,/tomates-la-spezia-secos-albahaca-oregano-x220g/p,"Precio Regular
$ 17.990","Ahorra
Precio Ahora
$ 12.593",$ 10.794,LA SPEZIA,(un a $ 12.593),41
Trufa negra appennino food verano rebanadas x50g,/trufa-negra-appennino-food-verano-rebanadas-x50g/p,"Precio Regular
$ 103.990","Ahorra
Precio Ahora
$ 72.793",$ 62.394,APPENNINO FOOD,,41
Zucchini il Grilliatore parrilla x240g,/zucchini-il-grilliatore-parrilla-x240g/p,"Precio Regular
$ 30.990","Ahorra
Precio Ahora
$ 21.693",$ 18.594,IL GRILLIATORE,,41
